_u,_v,abs(NearPoyntingTotal)[irrad_W_per_m2]
-10,-10,2.56637e-05
-9.5,-10,4.18897e-05
-9,-10,4.85555e-05
-8.5,-10,7.78388e-05
-8,-10,3.27474e-05
-7.5,-10,7.72135e-05
-7,-10,0.000126013
-6.5,-10,7.45707e-05
-6,-10,8.93389e-05
-5.5,-10,0.000106838
-5,-10,5.90896e-05
-4.5,-10,0.00013842
-4,-10,0.000110484
-3.5,-10,0.000115064
-3,-10,0.000121052
-2.5,-10,0.000134429
-2,-10,0.0001781
-1.5,-10,0.000266325
-1,-10,0.000236145
-0.5,-10,0.00027041
0,-10,0.000407974
0.5,-10,0.000546081
1,-10,0.000630663
1.5,-10,0.000722399
2,-10,0.00085358
2.5,-10,0.000762442
3,-10,0.00102571
3.5,-10,0.00124673
4,-10,0.00095009
4.5,-10,0.000699803
5,-10,0.000431863
5.5,-10,0.000278636
6,-10,0.000456013
6.5,-10,0.000718738
7,-10,0.000517854
7.5,-10,0.00020217
8,-10,0.000346612
8.5,-10,0.000446459
9,-10,0.000243236
9.5,-10,0.000166137
10,-10,0.000479022
-10,-9.5,3.48587e-05
-9.5,-9.5,5.0595e-05
-9,-9.5,4.05233e-05
-8.5,-9.5,7.87661e-05
-8,-9.5,4.624e-05
-7.5,-9.5,4.13285e-05
-7,-9.5,5.00627e-05
-6.5,-9.5,1.20003e-05
-6,-9.5,2.09461e-05
-5.5,-9.5,2.60958e-05
-5,-9.5,3.80771e-05
-4.5,-9.5,9.24213e-05
-4,-9.5,9.89104e-05
-3.5,-9.5,0.000128068
-3,-9.5,9.49597e-05
-2.5,-9.5,6.98107e-05
-2,-9.5,0.000138486
-1.5,-9.5,0.000173611
-1,-9.5,0.000257216
-0.5,-9.5,0.000254134
0,-9.5,0.000302666
0.5,-9.5,0.000339797
1,-9.5,0.000345624
1.5,-9.5,0.00057141
2,-9.5,0.000796654
2.5,-9.5,0.000736672
3,-9.5,0.000659518
3.5,-9.5,0.00101101
4,-9.5,0.00146931
4.5,-9.5,0.00111175
5,-9.5,0.0010254
5.5,-9.5,0.000642502
6,-9.5,0.000626868
6.5,-9.5,0.000906567
7,-9.5,0.000657846
7.5,-9.5,0.000400075
8,-9.5,0.000573294
8.5,-9.5,0.000783545
9,-9.5,0.00044626
9.5,-9.5,0.000358391
10,-9.5,0.000918741
-10,-9,2.67478e-05
-9.5,-9,2.07562e-05
-9,-9,2.27507e-05
-8.5,-9,9.68054e-05
-8,-9,5.11346e-05
-7.5,-9,3.2196e-05
-7,-9,3.14617e-05
-6.5,-9,1.20017e-05
-6,-9,2.72245e-05
-5.5,-9,1.97236e-05
-5,-9,3.86071e-05
-4.5,-9,7.39001e-05
-4,-9,9.64888e-05
-3.5,-9,0.000191602
-3,-9,0.000170561
-2.5,-9,2.36989e-05
-2,-9,5.19892e-05
-1.5,-9,0.000140311
-1,-9,0.000174443
-0.5,-9,0.00015903
0,-9,0.000310678
0.5,-9,0.000186245
1,-9,0.000239068
1.5,-9,0.000442462
2,-9,0.000341394
2.5,-9,0.000431789
3,-9,0.000862306
3.5,-9,0.000770526
4,-9,0.000927699
4.5,-9,0.0013181
5,-9,0.00122132
5.5,-9,0.0012268
6,-9,0.000865835
6.5,-9,0.000723757
7,-9,0.000725006
7.5,-9,0.000512595
8,-9,0.000471857
8.5,-9,0.00110068
9,-9,0.000500368
9.5,-9,0.000447213
10,-9,0.000928775
-10,-8.5,3.77335e-05
-9.5,-8.5,2.45169e-05
-9,-8.5,1.44517e-05
-8.5,-8.5,4.57958e-05
-8,-8.5,2.61407e-05
-7.5,-8.5,8.87481e-06
-7,-8.5,1.29988e-05
-6.5,-8.5,3.17591e-05
-6,-8.5,3.159e-05
-5.5,-8.5,5.82654e-05
-5,-8.5,6.16902e-05
-4.5,-8.5,2.82837e-05
-4,-8.5,3.25586e-05
-3.5,-8.5,0.000112651
-3,-8.5,0.000100151
-2.5,-8.5,7.13109e-05
-2,-8.5,0.000103799
-1.5,-8.5,0.0001196
-1,-8.5,0.000128596
-0.5,-8.5,7.8909e-05
0,-8.5,0.000164675
0.5,-8.5,0.000173413
1,-8.5,0.000152071
1.5,-8.5,0.000335653
2,-8.5,0.000338631
2.5,-8.5,0.000356182
3,-8.5,0.000490159
3.5,-8.5,0.000672534
4,-8.5,0.000778293
4.5,-8.5,0.000671279
5,-8.5,0.00074401
5.5,-8.5,0.00128704
6,-8.5,0.000988327
6.5,-8.5,0.000820351
7,-8.5,0.000854885
7.5,-8.5,0.000854227
8,-8.5,0.000826072
8.5,-8.5,0.00121429
9,-8.5,0.000384697
9.5,-8.5,0.000716427
10,-8.5,0.00172774
-10,-8,5.7465e-05
-9.5,-8,2.02877e-05
-9,-8,1.63702e-05
-8.5,-8,4.19044e-05
-8,-8,4.81248e-05
-7.5,-8,2.38136e-05
-7,-8,1.8391e-06
-6.5,-8,6.43468e-05
-6,-8,4.97663e-05
-5.5,-8,9.0571e-05
-5,-8,5.21363e-05
-4.5,-8,1.11535e-05
-4,-8,2.21391e-05
-3.5,-8,1.91712e-05
-3,-8,4.7009e-05
-2.5,-8,8.62713e-05
-2,-8,0.00012071
-1.5,-8,0.000100381
-1,-8,3.99229e-05
-0.5,-8,4.87873e-05
0,-8,0.000128431
0.5,-8,0.000179939
1,-8,9.51949e-05
1.5,-8,0.000158633
2,-8,0.000335642
2.5,-8,0.000202349
3,-8,0.000176381
3.5,-8,0.000416382
4,-8,0.000448178
4.5,-8,0.000116566
5,-8,0.000296207
5.5,-8,0.000261935
6,-8,0.000500089
6.5,-8,0.000451236
7,-8,0.000418488
7.5,-8,0.00053816
8,-8,0.000471605
8.5,-8,0.000529064
9,-8,0.000116568
9.5,-8,0.000830284
10,-8,0.0011287
-10,-7.5,3.92341e-05
-9.5,-7.5,1.53091e-05
-9,-7.5,2.95218e-05
-8.5,-7.5,1.33635e-05
-8,-7.5,4.74216e-05
-7.5,-7.5,2.36158e-05
-7,-7.5,5.22462e-06
-6.5,-7.5,5.4289e-05
-6,-7.5,8.18637e-05
-5.5,-7.5,0.000100945
-5,-7.5,7.07326e-05
-4.5,-7.5,4.10177e-05
-4,-7.5,6.11085e-05
-3.5,-7.5,1.31227e-05
-3,-7.5,6.48833e-05
-2.5,-7.5,8.60888e-05
-2,-7.5,9.32044e-05
-1.5,-7.5,7.81121e-05
-1,-7.5,9.6258e-05
-0.5,-7.5,3.14279e-05
0,-7.5,7.44721e-05
0.5,-7.5,0.000116492
1,-7.5,0.000103961
1.5,-7.5,9.72293e-05
2,-7.5,0.000167186
2.5,-7.5,8.74129e-05
3,-7.5,0.00020506
3.5,-7.5,0.000261749
4,-7.5,8.62204e-05
4.5,-7.5,9.79875e-05
5,-7.5,2.68796e-05
5.5,-7.5,5.87289e-05
6,-7.5,8.64247e-05
6.5,-7.5,0.000125509
7,-7.5,6.04784e-05
7.5,-7.5,5.69957e-05
8,-7.5,9.38679e-05
8.5,-7.5,6.76113e-05
9,-7.5,0.000104483
9.5,-7.5,0.000316146
10,-7.5,0.000232221
-10,-7,4.97913e-05
-9.5,-7,4.30689e-05
-9,-7,2.55544e-05
-8.5,-7,7.99745e-06
-8,-7,4.41091e-05
-7.5,-7,1.95517e-05
-7,-7,1.20143e-05
-6.5,-7,2.34086e-05
-6,-7,4.63047e-05
-5.5,-7,0.000132515
-5,-7,6.08309e-05
-4.5,-7,6.33363e-05
-4,-7,3.07397e-05
-3.5,-7,7.01471e-05
-3,-7,3.22175e-05
-2.5,-7,5.70202e-05
-2,-7,5.83327e-05
-1.5,-7,0.000119401
-1,-7,0.000163657
-0.5,-7,2.37998e-05
0,-7,1.60785e-05
0.5,-7,0.000110181
1,-7,8.41655e-05
1.5,-7,4.46776e-05
2,-7,0.000114987
2.5,-7,0.000160767
3,-7,0.000156596
3.5,-7,0.000153157
4,-7,0.000112836
4.5,-7,0.000156489
5,-7,2.97369e-05
5.5,-7,0.000185158
6,-7,0.000194914
6.5,-7,2.05316e-05
7,-7,5.36092e-05
7.5,-7,7.64633e-05
8,-7,8.22318e-05
8.5,-7,0.000559257
9,-7,0.000303766
9.5,-7,6.97953e-05
10,-7,7.61296e-05
-10,-6.5,2.87991e-05
-9.5,-6.5,9.99948e-06
-9,-6.5,1.39963e-05
-8.5,-6.5,2.17954e-05
-8,-6.5,3.92853e-05
-7.5,-6.5,3.18422e-05
-7,-6.5,3.24956e-05
-6.5,-6.5,7.40641e-06
-6,-6.5,3.5554e-05
-5.5,-6.5,4.48382e-05
-5,-6.5,2.28487e-05
-4.5,-6.5,3.69517e-05
-4,-6.5,6.99712e-05
-3.5,-6.5,9.81903e-05
-3,-6.5,0.000102322
-2.5,-6.5,0.000102386
-2,-6.5,4.09855e-05
-1.5,-6.5,0.000136386
-1,-6.5,0.000111757
-0.5,-6.5,0.00014896
0,-6.5,1.3566e-05
0.5,-6.5,8.01964e-05
1,-6.5,8.99024e-05
1.5,-6.5,3.71183e-05
2,-6.5,4.58583e-05
2.5,-6.5,0.000220981
3,-6.5,7.04779e-05
3.5,-6.5,6.415e-05
4,-6.5,2.49585e-05
4.5,-6.5,0.000152415
5,-6.5,8.9199e-05
5.5,-6.5,2.2823e-05
6,-6.5,5.8955e-05
6.5,-6.5,4.85218e-05
7,-6.5,2.86749e-05
7.5,-6.5,4.56108e-05
8,-6.5,0.000162285
8.5,-6.5,0.000481032
9,-6.5,0.00035271
9.5,-6.5,0.000148796
10,-6.5,2.67313e-05
-10,-6,4.59661e-05
-9.5,-6,2.84108e-05
-9,-6,2.77522e-05
-8.5,-6,2.64234e-05
-8,-6,2.98842e-05
-7.5,-6,2.797e-05
-7,-6,3.22729e-05
-6.5,-6,3.85245e-05
-6,-6,1.7559e-05
-5.5,-6,1.8485e-05
-5,-6,2.22602e-05
-4.5,-6,4.0254e-05
-4,-6,1.73126e-05
-3.5,-6,5.57686e-05
-3,-6,0.000140074
-2.5,-6,7.8163e-05
-2,-6,4.29093e-05
-1.5,-6,8.12183e-05
-1,-6,0.000133019
-0.5,-6,0.000130517
0,-6,9.11993e-05
0.5,-6,0.000112227
1,-6,7.84648e-05
1.5,-6,8.55645e-05
2,-6,5.81576e-05
2.5,-6,0.000214401
3,-6,0.000123233
3.5,-6,0.000147266
4,-6,7.54649e-05
4.5,-6,3.30411e-05
5,-6,0.000127269
5.5,-6,0.000141153
6,-6,1.56351e-05
6.5,-6,0.00015853
7,-6,0.000165991
7.5,-6,7.32678e-05
8,-6,5.5483e-05
8.5,-6,9.77901e-05
9,-6,0.00025339
9.5,-6,0.000283297
10,-6,0.00010807
-10,-5.5,1.42905e-05
-9.5,-5.5,2.30526e-05
-9,-5.5,7.78244e-06
-8.5,-5.5,1.12766e-05
-8,-5.5,2.26131e-05
-7.5,-5.5,2.39741e-05
-7,-5.5,1.38665e-05
-6.5,-5.5,2.01315e-05
-6,-5.5,2.87329e-05
-5.5,-5.5,4.2452e-05
-5,-5.5,6.13854e-05
-4.5,-5.5,1.2605e-05
-4,-5.5,3.33114e-05
-3.5,-5.5,6.196e-05
-3,-5.5,7.76872e-05
-2.5,-5.5,5.53963e-05
-2,-5.5,6.071e-05
-1.5,-5.5,0.00015365
-1,-5.5,0.000175426
-0.5,-5.5,4.45801e-05
0,-5.5,9.8809e-05
0.5,-5.5,9.14104e-05
1,-5.5,3.8972e-05
1.5,-5.5,0.000229074
2,-5.5,6.82078e-05
2.5,-5.5,0.000112151
3,-5.5,0.000139821
3.5,-5.5,0.000133345
4,-5.5,0.000135591
4.5,-5.5,1.16863e-05
5,-5.5,0.0001359
5.5,-5.5,0.000212844
6,-5.5,4.84093e-05
6.5,-5.5,0.00013203
7,-5.5,0.000202583
7.5,-5.5,9.34172e-05
8,-5.5,8.94646e-05
8.5,-5.5,0.000134589
9,-5.5,0.000161656
9.5,-5.5,0.000132923
10,-5.5,0.000200207
-10,-5,1.8948e-05
-9.5,-5,3.15234e-05
-9,-5,4.00479e-05
-8.5,-5,3.5595e-05
-8,-5,5.20082e-05
-7.5,-5,3.95847e-05
-7,-5,2.18292e-05
-6.5,-5,3.18032e-05
-6,-5,4.24467e-05
-5.5,-5,9.21776e-05
-5,-5,9.61194e-05
-4.5,-5,2.09898e-05
-4,-5,4.00485e-05
-3.5,-5,8.94149e-05
-3,-5,0.000153819
-2.5,-5,2.33941e-05
-2,-5,6.2188e-05
-1.5,-5,0.000172325
-1,-5,0.000111788
-0.5,-5,7.80062e-05
0,-5,6.78474e-05
0.5,-5,0.000232609
1,-5,7.35001e-05
1.5,-5,5.71316e-05
2,-5,9.55055e-05
2.5,-5,2.81309e-05
3,-5,5.27539e-05
3.5,-5,1.18925e-05
4,-5,4.77834e-05
4.5,-5,6.69971e-05
5,-5,0.000270454
5.5,-5,0.000341061
6,-5,2.69618e-05
6.5,-5,0.000118717
7,-5,0.000437155
7.5,-5,0.000261082
8,-5,0.000262639
8.5,-5,0.000143913
9,-5,7.45445e-05
9.5,-5,0.000213651
10,-5,0.000281437
-10,-4.5,2.33328e-05
-9.5,-4.5,3.80556e-05
-9,-4.5,2.11659e-05
-8.5,-4.5,6.29716e-05
-8,-4.5,4.47183e-05
-7.5,-4.5,6.54643e-05
-7,-4.5,4.97564e-05
-6.5,-4.5,4.48819e-05
-6,-4.5,7.18604e-05
-5.5,-4.5,0.000103116
-5,-4.5,0.000105217
-4.5,-4.5,1.05817e-05
-4,-4.5,6.01321e-05
-3.5,-4.5,0.000121225
-3,-4.5,0.000101396
-2.5,-4.5,2.33116e-05
-2,-4.5,6.58473e-05
-1.5,-4.5,0.000130073
-1,-4.5,0.000100803
-0.5,-4.5,4.5767e-05
0,-4.5,4.82012e-05
0.5,-4.5,0.000155786
1,-4.5,0.000160209
1.5,-4.5,8.98773e-05
2,-4.5,0.0003214
2.5,-4.5,3.11897e-05
3,-4.5,8.90368e-05
3.5,-4.5,3.41774e-05
4,-4.5,5.91246e-05
4.5,-4.5,0.000124413
5,-4.5,3.10494e-05
5.5,-4.5,0.000136856
6,-4.5,0.000257844
6.5,-4.5,1.93744e-05
7,-4.5,0.000157964
7.5,-4.5,5.16233e-05
8,-4.5,0.000170493
8.5,-4.5,0.000504344
9,-4.5,0.000229152
9.5,-4.5,5.78607e-05
10,-4.5,8.93878e-05
-10,-4,1.82583e-05
-9.5,-4,4.0254e-05
-9,-4,2.44259e-05
-8.5,-4,9.3967e-05
-8,-4,3.38023e-05
-7.5,-4,7.55215e-05
-7,-4,0.000118971
-6.5,-4,5.46932e-05
-6,-4,0.000115293
-5.5,-4,0.000141871
-5,-4,6.59518e-05
-4.5,-4,2.44601e-05
-4,-4,0.00016254
-3.5,-4,0.000149431
-3,-4,3.52542e-05
-2.5,-4,2.94112e-05
-2,-4,9.76269e-05
-1.5,-4,0.000232318
-1,-4,7.40995e-05
-0.5,-4,8.91434e-05
0,-4,3.42303e-05
0.5,-4,0.000197945
1,-4,0.000131519
1.5,-4,6.99291e-05
2,-4,0.000246327
2.5,-4,3.33665e-05
3,-4,9.16772e-06
3.5,-4,7.82043e-05
4,-4,3.58807e-05
4.5,-4,0.000276986
5,-4,0.000344451
5.5,-4,7.01439e-05
6,-4,0.000254494
6.5,-4,0.000243135
7,-4,4.26688e-05
7.5,-4,2.60079e-05
8,-4,2.92556e-05
8.5,-4,0.00048253
9,-4,0.000897446
9.5,-4,0.000172602
10,-4,8.22841e-05
-10,-3.5,2.10211e-05
-9.5,-3.5,7.85778e-05
-9,-3.5,2.25911e-05
-8.5,-3.5,8.10751e-05
-8,-3.5,2.45299e-05
-7.5,-3.5,2.44772e-05
-7,-3.5,8.83032e-05
-6.5,-3.5,6.70373e-05
-6,-3.5,7.44798e-05
-5.5,-3.5,7.93451e-05
-5,-3.5,3.56857e-05
-4.5,-3.5,2.05899e-05
-4,-3.5,0.00021227
-3.5,-3.5,0.000249919
-3,-3.5,0.000110238
-2.5,-3.5,0.000245711
-2,-3.5,0.000116222
-1.5,-3.5,0.000242433
-1,-3.5,0.000173807
-0.5,-3.5,6.56843e-05
0,-3.5,6.73348e-05
0.5,-3.5,0.000310157
1,-3.5,0.000157302
1.5,-3.5,4.22147e-05
2,-3.5,0.000106161
2.5,-3.5,6.96783e-05
3,-3.5,6.15843e-05
3.5,-3.5,0.000165046
4,-3.5,9.59406e-05
4.5,-3.5,0.00023166
5,-3.5,0.00028004
5.5,-3.5,5.46835e-05
6,-3.5,0.000204352
6.5,-3.5,0.000117675
7,-3.5,0.000147128
7.5,-3.5,0.000115885
8,-3.5,0.000100673
8.5,-3.5,0.000126533
9,-3.5,0.000523983
9.5,-3.5,0.000464684
10,-3.5,0.000196928
-10,-3,1.24969e-05
-9.5,-3,1.16911e-05
-9,-3,5.01279e-06
-8.5,-3,2.10941e-05
-8,-3,9.35593e-05
-7.5,-3,4.75783e-06
-7,-3,6.52538e-05
-6.5,-3,3.28155e-05
-6,-3,5.81737e-05
-5.5,-3,4.93258e-05
-5,-3,1.81214e-05
-4.5,-3,4.38387e-05
-4,-3,0.000222163
-3.5,-3,0.000297874
-3,-3,0.0001565
-2.5,-3,0.000170246
-2,-3,0.000206749
-1.5,-3,0.000210804
-1,-3,0.000245086
-0.5,-3,6.49468e-05
0,-3,0.000168717
0.5,-3,0.000188319
1,-3,0.000119268
1.5,-3,0.000149179
2,-3,0.000313386
2.5,-3,5.84712e-05
3,-3,0.000162795
3.5,-3,0.000106896
4,-3,0.000215829
4.5,-3,6.61726e-05
5,-3,0.000344473
5.5,-3,0.00035355
6,-3,2.57515e-05
6.5,-3,0.000196573
7,-3,0.00044162
7.5,-3,0.000168663
8,-3,6.10243e-05
8.5,-3,4.04367e-05
9,-3,0.000476482
9.5,-3,0.000390036
10,-3,0.000100886
-10,-2.5,2.91441e-05
-9.5,-2.5,2.02029e-05
-9,-2.5,2.08267e-05
-8.5,-2.5,3.71145e-05
-8,-2.5,4.27647e-05
-7.5,-2.5,1.3426e-05
-7,-2.5,2.00781e-05
-6.5,-2.5,5.6443e-05
-6,-2.5,4.06368e-05
-5.5,-2.5,4.9031e-05
-5,-2.5,4.36345e-05
-4.5,-2.5,0.000116501
-4,-2.5,0.000446995
-3.5,-2.5,0.000431436
-3,-2.5,0.000176056
-2.5,-2.5,0.000156697
-2,-2.5,0.000244552
-1.5,-2.5,0.00014023
-1,-2.5,0.00012639
-0.5,-2.5,7.18757e-05
0,-2.5,8.31806e-05
0.5,-2.5,0.000427481
1,-2.5,0.00012436
1.5,-2.5,0.000172837
2,-2.5,0.000322795
2.5,-2.5,3.56403e-05
3,-2.5,6.62186e-05
3.5,-2.5,6.68926e-05
4,-2.5,2.69247e-05
4.5,-2.5,0.000186838
5,-2.5,0.000326673
5.5,-2.5,7.94664e-05
6,-2.5,0.000125013
6.5,-2.5,0.000296761
7,-2.5,0.000176528
7.5,-2.5,0.000114455
8,-2.5,1.98888e-05
8.5,-2.5,0.000208889
9,-2.5,0.000534684
9.5,-2.5,0.00022042
10,-2.5,0.000133704
-10,-2,7.42368e-05
-9.5,-2,6.13767e-05
-9,-2,2.20908e-05
-8.5,-2,3.25761e-05
-8,-2,8.28106e-05
-7.5,-2,3.60932e-05
-7,-2,1.38045e-05
-6.5,-2,4.71318e-05
-6,-2,1.68221e-05
-5.5,-2,1.65064e-05
-5,-2,5.81373e-05
-4.5,-2,6.76581e-05
-4,-2,0.000359461
-3.5,-2,0.000378126
-3,-2,0.000242877
-2.5,-2,0.000163203
-2,-2,0.000147285
-1.5,-2,0.000229392
-1,-2,0.000234091
-0.5,-2,5.31667e-05
0,-2,0.000107868
0.5,-2,0.000249251
1,-2,0.000198271
1.5,-2,0.0002326
2,-2,0.000220181
2.5,-2,2.87064e-05
3,-2,7.0359e-05
3.5,-2,0.000185049
4,-2,8.67231e-06
4.5,-2,0.000177172
5,-2,0.000368822
5.5,-2,0.000127146
6,-2,4.90026e-05
6.5,-2,0.000143037
7,-2,0.000221313
7.5,-2,0.000215608
8,-2,0.000140622
8.5,-2,0.000250643
9,-2,0.000418662
9.5,-2,0.000213774
10,-2,0.000213199
-10,-1.5,1.19832e-05
-9.5,-1.5,7.33159e-05
-9,-1.5,5.96029e-05
-8.5,-1.5,5.86612e-05
-8,-1.5,6.75088e-05
-7.5,-1.5,4.19271e-05
-7,-1.5,8.14075e-06
-6.5,-1.5,2.03469e-05
-6,-1.5,2.28142e-05
-5.5,-1.5,1.98498e-05
-5,-1.5,6.11959e-05
-4.5,-1.5,0.00016138
-4,-1.5,0.000376743
-3.5,-1.5,0.000288665
-3,-1.5,0.000330031
-2.5,-1.5,0.000184202
-2,-1.5,0.000318267
-1.5,-1.5,0.000311174
-1,-1.5,0.000110224
-0.5,-1.5,4.78407e-05
0,-1.5,0.000108934
0.5,-1.5,9.64725e-05
1,-1.5,0.000121661
1.5,-1.5,0.000269868
2,-1.5,0.000177977
2.5,-1.5,2.34421e-05
3,-1.5,2.7467e-05
3.5,-1.5,0.000126489
4,-1.5,3.07553e-05
4.5,-1.5,0.000150441
5,-1.5,0.000249353
5.5,-1.5,0.000171945
6,-1.5,0.00014252
6.5,-1.5,0.000187684
7,-1.5,0.000403564
7.5,-1.5,0.000368088
8,-1.5,0.000163553
8.5,-1.5,0.000324032
9,-1.5,0.000500844
9.5,-1.5,0.000229608
10,-1.5,7.55508e-05
-10,-1,5.34987e-05
-9.5,-1,6.88458e-05
-9,-1,3.93537e-05
-8.5,-1,1.07542e-05
-8,-1,1.89501e-05
-7.5,-1,2.96784e-05
-7,-1,2.22484e-05
-6.5,-1,5.52724e-05
-6,-1,2.22378e-05
-5.5,-1,1.33052e-05
-5,-1,3.3019e-05
-4.5,-1,0.000236946
-4,-1,0.000468255
-3.5,-1,0.000558303
-3,-1,0.000333407
-2.5,-1,0.000129546
-2,-1,0.000139327
-1.5,-1,0.000172561
-1,-1,9.02008e-05
-0.5,-1,5.90344e-05
0,-1,1.35959e-05
0.5,-1,0.000136867
1,-1,0.000260813
1.5,-1,4.66851e-05
2,-1,0.000175785
2.5,-1,0.000129679
3,-1,5.57108e-05
3.5,-1,0.000152504
4,-1,4.11017e-05
4.5,-1,0.000188031
5,-1,0.000301468
5.5,-1,9.07568e-05
6,-1,0.000206807
6.5,-1,0.000496973
7,-1,0.000496189
7.5,-1,0.000337461
8,-1,2.88189e-05
8.5,-1,4.93153e-05
9,-1,0.000492045
9.5,-1,0.000323554
10,-1,7.9767e-05
-10,-0.5,2.08754e-05
-9.5,-0.5,3.86139e-05
-9,-0.5,0.000117104
-8.5,-0.5,5.79973e-05
-8,-0.5,9.89046e-05
-7.5,-0.5,0.000119381
-7,-0.5,2.90782e-05
-6.5,-0.5,4.86458e-05
-6,-0.5,3.94985e-05
-5.5,-0.5,2.67316e-05
-5,-0.5,0.000115072
-4.5,-0.5,0.000297311
-4,-0.5,0.000385289
-3.5,-0.5,0.000455595
-3,-0.5,0.000249802
-2.5,-0.5,0.000189792
-2,-0.5,0.00012588
-1.5,-0.5,7.92735e-05
-1,-0.5,4.30407e-05
-0.5,-0.5,6.76232e-05
0,-0.5,3.73679e-05
0.5,-0.5,8.14259e-05
1,-0.5,0.000430514
1.5,-0.5,0.000116445
2,-0.5,0.000300139
2.5,-0.5,0.000160284
3,-0.5,0.000125135
3.5,-0.5,0.000189237
4,-0.5,7.24132e-05
4.5,-0.5,0.000224508
5,-0.5,0.000257829
5.5,-0.5,0.000123288
6,-0.5,0.000310823
6.5,-0.5,0.00041914
7,-0.5,0.000388143
7.5,-0.5,0.000369121
8,-0.5,9.94503e-05
8.5,-0.5,0.000239834
9,-0.5,0.000407271
9.5,-0.5,0.000222498
10,-0.5,2.29135e-05
-10,0,2.89527e-05
-9.5,0,0.000120401
-9,0,8.86709e-05
-8.5,0,7.85336e-05
-8,0,6.06106e-05
-7.5,0,0.000132927
-7,0,1.37785e-05
-6.5,0,2.55313e-05
-6,0,3.4972e-05
-5.5,0,3.15114e-05
-5,0,0.000114663
-4.5,0,0.000442422
-4,0,0.000544404
-3.5,0,0.000630783
-3,0,0.000314606
-2.5,0,0.000117219
-2,0,0.000142542
-1.5,0,0.000112582
-1,0,4.68773e-05
-0.5,0,3.22269e-05
0,0,9.62681e-05
0.5,0,0.000125417
1,0,0.000312633
1.5,0,0.000212009
2,0,0.000363856
2.5,0,0.000238699
3,0,5.04927e-05
3.5,0,0.000263791
4,0,0.000113621
4.5,0,0.000137279
5,0,0.00038177
5.5,0,0.000116917
6,0,0.000190672
6.5,0,0.00085356
7,0,0.000869656
7.5,0,0.000288687
8,0,1.44688e-05
8.5,0,9.44659e-05
9,0,0.000335658
9.5,0,0.000281249
10,0,6.84507e-06
-10,0.5,0.000143541
-9.5,0.5,0.000244428
-9,0.5,8.28587e-05
-8.5,0.5,6.20259e-05
-8,0.5,4.9032e-05
-7.5,0.5,0.000112676
-7,0.5,2.45514e-05
-6.5,0.5,3.1181e-05
-6,0.5,1.26259e-05
-5.5,0.5,1.8102e-05
-5,0.5,8.71623e-05
-4.5,0.5,0.000245664
-4,0.5,0.000507868
-3.5,0.5,0.000543437
-3,0.5,0.000386527
-2.5,0.5,0.000138471
-2,0.5,0.000183726
-1.5,0.5,0.000157122
-1,0.5,0.000159095
-0.5,0.5,8.118e-05
0,0.5,1.99727e-05
0.5,0.5,0.000134179
1,0.5,0.000441267
1.5,0.5,0.00025104
2,0.5,0.000217731
2.5,0.5,0.000198022
3,0.5,8.15616e-05
3.5,0.5,0.000366711
4,0.5,3.07795e-05
4.5,0.5,0.000377215
5,0.5,0.000461026
5.5,0.5,0.000160221
6,0.5,0.000247281
6.5,0.5,0.000210291
7,0.5,0.000380673
7.5,0.5,0.000361755
8,0.5,5.02753e-05
8.5,0.5,0.000182678
9,0.5,0.000342885
9.5,0.5,0.000253943
10,0.5,0.00013977
-10,1,5.41273e-05
-9.5,1,3.09899e-05
-9,1,3.50152e-05
-8.5,1,1.5976e-05
-8,1,5.93825e-05
-7.5,1,9.2809e-05
-7,1,3.65963e-05
-6.5,1,2.34057e-05
-6,1,1.09664e-05
-5.5,1,3.29715e-05
-5,1,4.88374e-05
-4.5,1,0.000311444
-4,1,0.00055275
-3.5,1,0.000618541
-3,1,0.000355421
-2.5,1,8.4823e-05
-2,1,0.000193584
-1.5,1,0.000219031
-1,1,0.000116599
-0.5,1,4.00897e-05
0,1,3.50838e-05
0.5,1,0.000189613
1,1,0.000191878
1.5,1,7.13674e-05
2,1,0.000321856
2.5,1,0.00011657
3,1,6.15061e-05
3.5,1,0.000155037
4,1,7.26652e-05
4.5,1,0.000182522
5,1,0.000389835
5.5,1,5.29753e-05
6,1,0.000175371
6.5,1,0.000397087
7,1,0.000603595
7.5,1,0.000435029
8,1,5.08635e-05
8.5,1,6.51837e-05
9,1,0.000514335
9.5,1,0.000289181
10,1,6.18699e-05
-10,1.5,6.21632e-05
-9.5,1.5,1.9089e-05
-9,1.5,2.13502e-05
-8.5,1.5,2.30732e-05
-8,1.5,9.93708e-05
-7.5,1.5,5.13723e-05
-7,1.5,6.71792e-06
-6.5,1.5,1.59782e-05
-6,1.5,1.37612e-05
-5.5,1.5,8.11788e-06
-5,1.5,5.83488e-05
-4.5,1.5,0.000105832
-4,1.5,0.000296827
-3.5,1.5,0.00035847
-3,1.5,0.000222312
-2.5,1.5,0.000103923
-2,1.5,0.000231604
-1.5,1.5,0.000299578
-1,1.5,0.00012326
-0.5,1.5,4.34971e-05
0,1.5,0.000152503
0.5,1.5,0.000160724
1,1.5,0.000172205
1.5,1.5,0.000267821
2,1.5,0.00026722
2.5,1.5,3.23596e-05
3,1.5,5.09467e-05
3.5,1.5,0.000172836
4,1.5,1.86288e-05
4.5,1.5,0.0001359
5,1.5,0.000184694
5.5,1.5,0.000112373
6,1.5,0.000140341
6.5,1.5,0.000289677
7,1.5,0.000341303
7.5,1.5,0.000297101
8,1.5,0.000106182
8.5,1.5,0.000155978
9,1.5,0.000140439
9.5,1.5,0.000122563
10,1.5,3.48119e-05
-10,2,6.75066e-05
-9.5,2,0.000120293
-9,2,7.52175e-05
-8.5,2,3.22783e-05
-8,2,5.529e-05
-7.5,2,3.40461e-05
-7,2,1.5279e-05
-6.5,2,5.31169e-05
-6,2,3.61177e-05
-5.5,2,2.30865e-05
-5,2,1.75982e-05
-4.5,2,5.97081e-05
-4,2,0.000311896
-3.5,2,0.000393828
-3,2,0.000257839
-2.5,2,0.000142555
-2,2,0.000174647
-1.5,2,0.000209523
-1,2,0.000232589
-0.5,2,4.1592e-05
0,2,0.000106247
0.5,2,0.000218737
1,2,0.000159106
1.5,2,0.000236546
2,2,0.000192824
2.5,2,3.20396e-05
3,2,9.2063e-05
3.5,2,0.000108853
4,2,6.22151e-05
4.5,2,0.000166179
5,2,0.000309537
5.5,2,0.000187328
6,2,7.92021e-05
6.5,2,0.0001186
7,2,0.000273741
7.5,2,0.000188767
8,2,9.68081e-05
8.5,2,0.000203582
9,2,0.000398409
9.5,2,0.000221211
10,2,8.75363e-05
-10,2.5,1.28393e-05
-9.5,2.5,0.000119417
-9,2.5,8.17999e-05
-8.5,2.5,0.000120346
-8,2.5,1.3857e-05
-7.5,2.5,4.13724e-05
-7,2.5,2.07712e-05
-6.5,2.5,3.87216e-05
-6,2.5,9.48476e-05
-5.5,2.5,3.03885e-05
-5,2.5,3.63406e-05
-4.5,2.5,0.000114089
-4,2.5,0.000452123
-3.5,2.5,0.000349258
-3,2.5,0.000192258
-2.5,2.5,0.000185369
-2,2.5,0.000343657
-1.5,2.5,0.000173776
-1,2.5,0.000108946
-0.5,2.5,4.45612e-05
0,2.5,0.000158667
0.5,2.5,0.000453196
1,2.5,8.30942e-05
1.5,2.5,0.000196336
2,2.5,0.000468442
2.5,2.5,4.57318e-05
3,2.5,8.51027e-05
3.5,2.5,0.000125904
4,2.5,5.64446e-05
4.5,2.5,0.000166234
5,2.5,0.000437284
5.5,2.5,0.000156882
6,2.5,9.77595e-05
6.5,2.5,0.000325038
7,2.5,0.000171503
7.5,2.5,3.27048e-05
8,2.5,2.37075e-05
8.5,2.5,0.000124174
9,2.5,0.000486986
9.5,2.5,0.000432191
10,2.5,0.000251545
-10,3,2.70194e-05
-9.5,3,3.05385e-05
-9,3,4.29547e-05
-8.5,3,2.10102e-05
-8,3,6.01962e-05
-7.5,3,2.92453e-05
-7,3,5.9266e-05
-6.5,3,1.27032e-05
-6,3,2.73342e-05
-5.5,3,0.000108856
-5,3,5.48731e-06
-4.5,3,5.43651e-05
-4,3,0.000262787
-3.5,3,0.000280823
-3,3,0.000144655
-2.5,3,0.000169738
-2,3,0.000221566
-1.5,3,0.000205269
-1,3,0.000190271
-0.5,3,7.68768e-05
0,3,0.000239437
0.5,3,0.000203524
1,3,0.000190684
1.5,3,0.00018551
2,3,0.000268174
2.5,3,0.000102883
3,3,7.62008e-05
3.5,3,6.84347e-05
4,3,8.5981e-05
4.5,3,2.64276e-05
5,3,0.000151756
5.5,3,0.00016221
6,3,1.31968e-05
6.5,3,0.000212612
7,3,0.000659267
7.5,3,0.000344509
8,3,4.98009e-05
8.5,3,7.13841e-05
9,3,0.000437025
9.5,3,0.000420942
10,3,0.000180536
-10,3.5,2.72735e-05
-9.5,3.5,2.95818e-05
-9,3.5,8.75833e-06
-8.5,3.5,2.20386e-05
-8,3.5,7.78873e-05
-7.5,3.5,1.07818e-05
-7,3.5,8.10511e-05
-6.5,3.5,3.50662e-05
-6,3.5,4.9803e-05
-5.5,3.5,0.000145831
-5,3.5,9.05156e-05
-4.5,3.5,2.03117e-05
-4,3.5,0.000225857
-3.5,3.5,0.000220797
-3,3.5,0.000128863
-2.5,3.5,0.000236011
-2,3.5,8.0271e-05
-1.5,3.5,0.000165939
-1,3.5,0.000189735
-0.5,3.5,5.09848e-05
0,3.5,7.19986e-05
0.5,3.5,0.0003315
1,3.5,0.000286939
1.5,3.5,0.000113878
2,3.5,0.000196542
2.5,3.5,0.000107549
3,3.5,6.17585e-05
3.5,3.5,0.000115175
4,3.5,8.14452e-05
4.5,3.5,5.29682e-05
5,3.5,0.000150511
5.5,3.5,7.29175e-05
6,3.5,0.000118472
6.5,3.5,0.000117773
7,3.5,0.000271782
7.5,3.5,0.000336486
8,3.5,7.85105e-05
8.5,3.5,0.000173427
9,3.5,0.000416361
9.5,3.5,0.000313448
10,3.5,0.00018136
-10,4,1.30014e-05
-9.5,4,4.17925e-05
-9,4,5.58128e-06
-8.5,4,4.33769e-05
-8,4,2.3072e-05
-7.5,4,2.50609e-05
-7,4,7.10662e-05
-6.5,4,8.40972e-05
-6,4,0.000108111
-5.5,4,0.00016179
-5,4,7.09064e-05
-4.5,4,7.53052e-05
-4,4,0.000145077
-3.5,4,0.000205515
-3,4,0.000106893
-2.5,4,0.000105386
-2,4,8.14403e-05
-1.5,4,0.000175478
-1,4,0.00010915
-0.5,4,0.000141759
0,4,2.8257e-05
0.5,4,0.000300359
1,4,0.000215343
1.5,4,4.88165e-05
2,4,0.000310408
2.5,4,7.7163e-05
3,4,5.87438e-05
3.5,4,0.000177226
4,4,3.1015e-05
4.5,4,0.00023123
5,4,0.00033675
5.5,4,3.89311e-05
6,4,0.000256716
6.5,4,0.000347965
7,4,0.000126333
7.5,4,3.15582e-05
8,4,9.294e-05
8.5,4,0.000477402
9,4,0.000877048
9.5,4,0.000234337
10,4,9.23522e-05
-10,4.5,4.57068e-05
-9.5,4.5,7.28817e-05
-9,4.5,2.38752e-05
-8.5,4.5,5.34072e-05
-8,4.5,3.13532e-05
-7.5,4.5,4.00642e-05
-7,4.5,6.91271e-05
-6.5,4.5,5.37337e-05
-6,4.5,6.36434e-05
-5.5,4.5,0.000104734
-5,4.5,7.15036e-05
-4.5,4.5,2.09416e-05
-4,4.5,1.51686e-05
-3.5,4.5,0.000132786
-3,4.5,0.000211817
-2.5,4.5,4.27907e-05
-2,4.5,5.10017e-05
-1.5,4.5,0.000181879
-1,4.5,0.000129131
-0.5,4.5,5.61999e-05
0,4.5,6.01966e-05
0.5,4.5,0.000148032
1,4.5,0.000110944
1.5,4.5,0.000112796
2,4.5,0.00029036
2.5,4.5,3.53041e-05
3,4.5,5.40416e-05
3.5,4.5,9.21165e-05
4,4.5,4.40871e-05
4.5,4.5,0.000144905
5,4.5,1.92969e-05
5.5,4.5,0.00016193
6,4.5,0.000239071
6.5,4.5,4.03173e-05
7,4.5,0.000153888
7.5,4.5,0.000104987
8,4.5,0.0002056
8.5,4.5,0.000371197
9,4.5,0.000169358
9.5,4.5,5.94275e-05
10,4.5,0.000152552
-10,5,6.70426e-06
-9.5,5,6.22643e-05
-9,5,1.42652e-05
-8.5,5,4.56304e-05
-8,5,3.22453e-05
-7.5,5,5.32298e-05
-7,5,3.94695e-05
-6.5,5,5.92944e-05
-6,5,4.12557e-05
-5.5,5,7.02449e-05
-5,5,8.79917e-05
-4.5,5,1.99931e-05
-4,5,2.82082e-05
-3.5,5,0.000111803
-3,5,0.000199389
-2.5,5,3.24581e-05
-2,5,4.12601e-05
-1.5,5,0.000231282
-1,5,0.000163639
-0.5,5,0.000111931
0,5,0.000149136
0.5,5,0.000130213
1,5,9.608e-05
1.5,5,8.51302e-05
2,5,0.000150689
2.5,5,5.55334e-05
3,5,0.000151783
3.5,5,1.64371e-05
4,5,0.000118637
4.5,5,1.97768e-05
5,5,0.000265776
5.5,5,0.000363976
6,5,5.49129e-05
6.5,5,0.000208767
7,5,0.000455381
7.5,5,0.00014032
8,5,0.000174701
8.5,5,6.96463e-05
9,5,4.32031e-05
9.5,5,0.000218331
10,5,0.000202901
-10,5.5,1.39647e-05
-9.5,5.5,9.30395e-05
-9,5.5,2.33154e-05
-8.5,5.5,4.89106e-05
-8,5.5,2.90464e-05
-7.5,5.5,1.42931e-05
-7,5.5,2.11694e-05
-6.5,5.5,2.77193e-05
-6,5.5,2.97522e-05
-5.5,5.5,5.50574e-05
-5,5.5,4.93765e-05
-4.5,5.5,1.52337e-05
-4,5.5,2.03654e-05
-3.5,5.5,8.08702e-05
-3,5.5,0.000142865
-2.5,5.5,2.33791e-05
-2,5.5,7.66976e-05
-1.5,5.5,0.000151005
-1,5.5,0.000164813
-0.5,5.5,8.01605e-05
0,5.5,0.000141679
0.5,5.5,5.89141e-05
1,5.5,6.70299e-05
1.5,5.5,0.000180301
2,5.5,6.52521e-05
2.5,5.5,0.000193107
3,5.5,0.000307833
3.5,5.5,0.000125858
4,5.5,0.000201329
4.5,5.5,1.42902e-05
5,5.5,0.000147867
5.5,5.5,0.000268892
6,5.5,5.37162e-05
6.5,5.5,0.000108591
7,5.5,0.000267387
7.5,5.5,7.67675e-05
8,5.5,1.76538e-05
8.5,5.5,0.000107677
9,5.5,8.75619e-05
9.5,5.5,0.00014422
10,5.5,0.000210959
-10,6,3.40546e-05
-9.5,6,5.81934e-05
-9,6,1.24432e-05
-8.5,6,4.22446e-05
-8,6,5.41183e-05
-7.5,6,4.28772e-05
-7,6,3.10927e-05
-6.5,6,2.03779e-05
-6,6,1.7377e-05
-5.5,6,5.03109e-05
-5,6,4.72869e-05
-4.5,6,5.64441e-05
-4,6,1.71323e-05
-3.5,6,6.5697e-05
-3,6,0.000143735
-2.5,6,4.98478e-05
-2,6,3.45321e-05
-1.5,6,7.63809e-05
-1,6,0.000146572
-0.5,6,0.000174753
0,6,5.91024e-05
0.5,6,0.00011492
1,6,5.70113e-05
1.5,6,7.64994e-05
2,6,2.77983e-05
2.5,6,0.000394813
3,6,0.000137212
3.5,6,0.000197254
4,6,0.000133783
4.5,6,2.2248e-05
5,6,0.000129721
5.5,6,0.000213517
6,6,1.77741e-05
6.5,6,0.000229976
7,6,0.000171473
7.5,6,8.05334e-05
8,6,7.09208e-05
8.5,6,0.000203505
9,6,0.000367658
9.5,6,0.00050889
10,6,0.000122891
-10,6.5,3.41031e-05
-9.5,6.5,1.76768e-05
-9,6.5,5.08403e-06
-8.5,6.5,3.4817e-05
-8,6.5,4.46176e-05
-7.5,6.5,5.01527e-05
-7,6.5,4.06593e-05
-6.5,6.5,5.82684e-06
-6,6.5,5.28852e-05
-5.5,6.5,5.18248e-05
-5,6.5,5.32112e-05
-4.5,6.5,5.29432e-05
-4,6.5,2.29872e-05
-3.5,6.5,8.62501e-05
-3,6.5,0.000111633
-2.5,6.5,3.62458e-05
-2,6.5,1.285e-05
-1.5,6.5,0.000106539
-1,6.5,0.000163149
-0.5,6.5,9.42496e-05
0,6.5,1.78027e-05
0.5,6.5,0.000130846
1,6.5,0.000104161
1.5,6.5,2.88129e-05
2,6.5,4.10081e-05
2.5,6.5,0.000343086
3,6.5,6.09671e-05
3.5,6.5,2.92915e-05
4,6.5,2.0863e-05
4.5,6.5,0.000172942
5,6.5,8.39501e-05
5.5,6.5,3.5467e-05
6,6.5,3.43917e-05
6.5,6.5,3.75468e-05
7,6.5,2.09583e-05
7.5,6.5,9.56991e-05
8,6.5,0.000110533
8.5,6.5,0.000478477
9,6.5,0.000623183
9.5,6.5,0.000290435
10,6.5,3.37544e-05
-10,7,5.17144e-05
-9.5,7,2.90349e-05
-9,7,1.19092e-05
-8.5,7,2.37105e-05
-8,7,2.71483e-05
-7.5,7,1.46252e-05
-7,7,1.72464e-05
-6.5,7,1.21887e-05
-6,7,6.64915e-05
-5.5,7,8.00274e-05
-5,7,6.63935e-05
-4.5,7,2.6061e-05
-4,7,1.79196e-05
-3.5,7,6.00119e-05
-3,7,5.64336e-05
-2.5,7,1.38934e-05
-2,7,2.10458e-05
-1.5,7,0.000125286
-1,7,0.000143242
-0.5,7,3.32495e-05
0,7,3.95903e-06
0.5,7,0.000146539
1,7,0.000111313
1.5,7,3.88782e-05
2,7,0.000169305
2.5,7,0.000259082
3,7,9.63581e-05
3.5,7,8.11599e-05
4,7,0.000146366
4.5,7,0.000328067
5,7,7.05847e-05
5.5,7,0.000154135
6,7,0.000122291
6.5,7,8.33212e-05
7,7,5.84296e-05
7.5,7,0.000197013
8,7,7.16285e-05
8.5,7,0.000537182
9,7,0.000266538
9.5,7,0.000157841
10,7,0.000218057
-10,7.5,2.27325e-05
-9.5,7.5,1.51471e-05
-9,7.5,1.48719e-05
-8.5,7.5,3.87543e-06
-8,7.5,1.39609e-05
-7.5,7.5,1.65654e-05
-7,7.5,7.38754e-06
-6.5,7.5,3.34461e-05
-6,7.5,3.10443e-05
-5.5,7.5,7.18837e-05
-5,7.5,4.51524e-05
-4.5,7.5,2.23872e-05
-4,7.5,4.93277e-05
-3.5,7.5,6.15085e-05
-3,7.5,5.48094e-05
-2.5,7.5,1.37778e-05
-2,7.5,8.35634e-05
-1.5,7.5,9.05959e-05
-1,7.5,0.000138969
-0.5,7.5,3.72592e-05
0,7.5,6.06805e-05
0.5,7.5,0.000142733
1,7.5,8.64638e-05
1.5,7.5,5.22181e-05
2,7.5,0.000322895
2.5,7.5,0.000157164
3,7.5,0.000181355
3.5,7.5,0.00022393
4,7.5,0.000196809
4.5,7.5,0.000207399
5,7.5,2.66955e-05
5.5,7.5,3.42272e-05
6,7.5,0.000175739
6.5,7.5,0.000157052
7,7.5,8.93647e-05
7.5,7.5,0.000131787
8,7.5,0.000179918
8.5,7.5,0.000153463
9,7.5,0.00013452
9.5,7.5,0.000387641
10,7.5,0.000308416
-10,8,3.81084e-05
-9.5,8,2.33778e-05
-9,8,6.64216e-06
-8.5,8,1.34288e-05
-8,8,3.28169e-05
-7.5,8,3.16014e-05
-7,8,1.76336e-05
-6.5,8,5.86576e-05
-6,8,1.58209e-05
-5.5,8,7.5538e-05
-5,8,7.63885e-05
-4.5,8,3.865e-05
-4,8,4.96204e-05
-3.5,8,1.51399e-05
-3,8,4.53086e-05
-2.5,8,3.41324e-05
-2,8,0.000198191
-1.5,8,0.000149218
-1,8,9.84079e-05
-0.5,8,2.18401e-05
0,8,0.000119373
0.5,8,0.000223783
1,8,0.000209045
1.5,8,0.000189432
2,8,0.000277301
2.5,8,0.000137224
3,8,0.000238483
3.5,8,0.000597671
4,8,0.000476638
4.5,8,5.50177e-05
5,8,0.000234162
5.5,8,0.0004599
6,8,0.000367489
6.5,8,0.000552274
7,8,0.000319425
7.5,8,0.0004821
8,8,0.000761102
8.5,8,0.000862852
9,8,0.000214862
9.5,8,0.000861308
10,8,0.0011779
-10,8.5,4.37265e-05
-9.5,8.5,1.86173e-05
-9,8.5,2.3888e-05
-8.5,8.5,3.00801e-05
-8,8.5,1.56147e-05
-7.5,8.5,2.69326e-05
-7,8.5,4.49573e-05
-6.5,8.5,5.14821e-05
-6,8.5,2.86259e-05
-5.5,8.5,6.40514e-05
-5,8.5,5.35422e-05
-4.5,8.5,2.31143e-05
-4,8.5,2.66495e-05
-3.5,8.5,4.67646e-05
-3,8.5,5.24935e-05
-2.5,8.5,5.50001e-05
-2,8.5,0.000178631
-1.5,8.5,0.000200529
-1,8.5,6.54769e-05
-0.5,8.5,4.58056e-05
0,8.5,0.000140264
0.5,8.5,0.000224931
1,8.5,0.000188003
1.5,8.5,0.00023607
2,8.5,0.00023482
2.5,8.5,0.000369663
3,8.5,0.000469152
3.5,8.5,0.000776812
4,8.5,0.000652081
4.5,8.5,0.000614441
5,8.5,0.000773678
5.5,8.5,0.00159531
6,8.5,0.000927212
6.5,8.5,0.000868788
7,8.5,0.000823834
7.5,8.5,0.000886501
8,8.5,0.000950449
8.5,8.5,0.00126875
9,8.5,0.0004345
9.5,8.5,0.000545356
10,8.5,0.00159955
-10,9,3.65381e-05
-9.5,9,1.71409e-05
-9,9,5.53149e-05
-8.5,9,9.05002e-05
-8,9,4.2457e-05
-7.5,9,3.19234e-05
-7,9,5.57413e-05
-6.5,9,5.60996e-05
-6,9,4.12627e-05
-5.5,9,4.95736e-05
-5,9,4.84161e-05
-4.5,9,3.62488e-05
-4,9,1.55192e-05
-3.5,9,5.55424e-05
-3,9,8.80245e-05
-2.5,9,5.68229e-05
-2,9,9.26406e-05
-1.5,9,0.000114417
-1,9,8.57678e-05
-0.5,9,0.000141372
0,9,0.000305867
0.5,9,0.000248411
1,9,0.000216677
1.5,9,0.000357239
2,9,0.0003048
2.5,9,0.000583705
3,9,0.000818666
3.5,9,0.000707913
4,9,0.000667207
4.5,9,0.00123401
5,9,0.00116511
5.5,9,0.00147329
6,9,0.00105816
6.5,9,0.000441831
7,9,0.000845111
7.5,9,0.000611427
8,9,0.000661117
8.5,9,0.00109785
9,9,0.000463263
9.5,9,0.000308062
10,9,0.00109561
-10,9.5,2.70751e-05
-9.5,9.5,2.52291e-05
-9,9.5,7.81837e-05
-8.5,9.5,8.28437e-05
-8,9.5,4.41154e-05
-7.5,9.5,5.48948e-05
-7,9.5,5.95147e-05
-6.5,9.5,2.37305e-05
-6,9.5,6.76753e-05
-5.5,9.5,1.35603e-05
-5,9.5,3.79003e-05
-4.5,9.5,5.67491e-05
-4,9.5,9.12193e-05
-3.5,9.5,9.05087e-05
-3,9.5,0.00013277
-2.5,9.5,0.000144862
-2,9.5,9.24204e-05
-1.5,9.5,0.000114664
-1,9.5,0.000148363
-0.5,9.5,0.000186675
0,9.5,0.000431283
0.5,9.5,0.000384159
1,9.5,0.000365895
1.5,9.5,0.000481678
2,9.5,0.000745189
2.5,9.5,0.000681339
3,9.5,0.00092078
3.5,9.5,0.000820129
4,9.5,0.000950222
4.5,9.5,0.000938943
5,9.5,0.00107811
5.5,9.5,0.000844911
6,9.5,0.000828364
6.5,9.5,0.00100365
7,9.5,0.000724338
7.5,9.5,0.000491302
8,9.5,0.000392153
8.5,9.5,0.000616671
9,9.5,0.000330005
9.5,9.5,0.000236906
10,9.5,0.000809251
-10,10,1.97686e-05
-9.5,10,2.12476e-05
-9,10,4.78554e-05
-8.5,10,7.37786e-05
-8,10,3.59509e-05
-7.5,10,7.74232e-05
-7,10,8.01953e-05
-6.5,10,3.11341e-05
-6,10,3.94553e-05
-5.5,10,3.60345e-05
-5,10,8.68954e-05
-4.5,10,0.000119006
-4,10,0.000200702
-3.5,10,0.000147948
-3,10,0.000169324
-2.5,10,0.000143002
-2,10,0.000141569
-1.5,10,0.00019676
-1,10,0.000326023
-0.5,10,0.000306323
0,10,0.000510755
0.5,10,0.000591349
1,10,0.000642089
1.5,10,0.000739667
2,10,0.000827876
2.5,10,0.000635312
3,10,0.00109693
3.5,10,0.00146949
4,10,0.00091425
4.5,10,0.000695192
5,10,0.000532971
5.5,10,0.000267786
6,10,0.000262455
6.5,10,0.00055311
7,10,0.000528109
7.5,10,0.000186262
8,10,0.000201405
8.5,10,0.000514981
9,10,0.00045329
9.5,10,0.000202477
10,10,0.000619825
