_u,_v,dB(NearETotal)
-15,-15,-17.2203
-14.5,-15,-17.0139
-14,-15,-17.178
-13.5,-15,-14.936
-13,-15,-20.2379
-12.5,-15,-11.4922
-12,-15,-15.8606
-11.5,-15,-10.4732
-11,-15,-14.6401
-10.5,-15,-16.2791
-10,-15,-15.7268
-9.5,-15,-15.3507
-9,-15,-14.1799
-8.5,-15,-17.4753
-8,-15,-19.8529
-7.5,-15,-14.1135
-7,-15,-16.7774
-6.5,-15,-10.9724
-6,-15,-16.5988
-5.5,-15,-13.5317
-5,-15,-8.27208
-4.5,-15,-11.1842
-4,-15,-13.5525
-3.5,-15,-12.7754
-3,-15,-17.4133
-2.5,-15,-8.57732
-2,-15,-13.9301
-1.5,-15,-14.8929
-1,-15,-14.9354
-0.5,-15,-16.9833
0,-15,-21.4315
0.5,-15,-11.6447
1,-15,-16.3367
1.5,-15,-9.88133
2,-15,-14.6411
2.5,-15,-13.0182
3,-15,-12.0092
3.5,-15,-9.34316
4,-15,-16.6092
4.5,-15,-19.7236
5,-15,-16.1398
5.5,-15,-11.1829
6,-15,-11.9504
6.5,-15,-17.0185
7,-15,-17.2627
7.5,-15,-11.2129
8,-15,-20.6776
8.5,-15,-11.2162
9,-15,-14.1535
9.5,-15,-13.9751
10,-15,-15.8706
10.5,-15,-15.437
11,-15,-11.0727
11.5,-15,-16.1887
12,-15,-15.5041
12.5,-15,-13.9192
13,-15,-9.92926
13.5,-15,-11.5399
14,-15,-12.7826
14.5,-15,-18.3773
15,-15,-19.6169
-15,-14.5,-15.6238
-14.5,-14.5,-17.0851
-14,-14.5,-16.6611
-13.5,-14.5,-14.8891
-13,-14.5,-17.1034
-12.5,-14.5,-11.6764
-12,-14.5,-13.118
-11.5,-14.5,-18.5179
-11,-14.5,-17.7541
-10.5,-14.5,-14.4955
-10,-14.5,-19.9789
-9.5,-14.5,-12.903
-9,-14.5,-13.5612
-8.5,-14.5,-12.7445
-8,-14.5,-16.4914
-7.5,-14.5,-18.9353
-7,-14.5,-14.9347
-6.5,-14.5,-12.4351
-6,-14.5,-17.9663
-5.5,-14.5,-8.76988
-5,-14.5,-14.625
-4.5,-14.5,-14.2611
-4,-14.5,-12.3028
-3.5,-14.5,-16.4209
-3,-14.5,-17.0185
-2.5,-14.5,-18.2059
-2,-14.5,-6.74695
-1.5,-14.5,-13.5175
-1,-14.5,-10.0911
-0.5,-14.5,-10.728
0,-14.5,-16.1586
0.5,-14.5,-14.1661
1,-14.5,-11.3728
1.5,-14.5,-16.1165
2,-14.5,-15.3358
2.5,-14.5,-16.9128
3,-14.5,-15.2032
3.5,-14.5,-16.0879
4,-14.5,-9.97163
4.5,-14.5,-14.1201
5,-14.5,-19.5927
5.5,-14.5,-9.79511
6,-14.5,-15.4994
6.5,-14.5,-14.9013
7,-14.5,-12.9474
7.5,-14.5,-18.4756
8,-14.5,-14.4475
8.5,-14.5,-19.095
9,-14.5,-15.0464
9.5,-14.5,-17.1837
10,-14.5,-14.2182
10.5,-14.5,-15.1743
11,-14.5,-12.1998
11.5,-14.5,-21.0272
12,-14.5,-18.1686
12.5,-14.5,-14.8174
13,-14.5,-15.701
13.5,-14.5,-18.8766
14,-14.5,-19.708
14.5,-14.5,-15.8313
15,-14.5,-20.3169
-15,-14,-14.2817
-14.5,-14,-17.4901
-14,-14,-12.8429
-13.5,-14,-16.8954
-13,-14,-9.90209
-12.5,-14,-16.266
-12,-14,-18.5524
-11.5,-14,-19.0587
-11,-14,-11.756
-10.5,-14,-19.6585
-10,-14,-10.5688
-9.5,-14,-15.1006
-9,-14,-22.2143
-8.5,-14,-16.3474
-8,-14,-18.4362
-7.5,-14,-13.9111
-7,-14,-13.4556
-6.5,-14,-17.417
-6,-14,-19.1758
-5.5,-14,-12.847
-5,-14,-7.555
-4.5,-14,-15.9821
-4,-14,-13.0571
-3.5,-14,-12.6437
-3,-14,-13.5236
-2.5,-14,-15.9005
-2,-14,-9.50185
-1.5,-14,-13.1011
-1,-14,-13.8275
-0.5,-14,-13.4873
0,-14,-9.71115
0.5,-14,-10.7816
1,-14,-13.3316
1.5,-14,-18.9824
2,-14,-22.6297
2.5,-14,-13.9906
3,-14,-17.0486
3.5,-14,-11.7378
4,-14,-12.7336
4.5,-14,-11.2258
5,-14,-12.1565
5.5,-14,-11.2698
6,-14,-9.04363
6.5,-14,-18.1085
7,-14,-20.1875
7.5,-14,-12.3502
8,-14,-13.9616
8.5,-14,-12.9988
9,-14,-12.7698
9.5,-14,-11.6326
10,-14,-16.9532
10.5,-14,-18.4938
11,-14,-14.9274
11.5,-14,-12.71
12,-14,-16.6276
12.5,-14,-15.1955
13,-14,-14.5414
13.5,-14,-12.9016
14,-14,-16.2312
14.5,-14,-13.8798
15,-14,-18.5115
-15,-13.5,-16.8709
-14.5,-13.5,-11.4256
-14,-13.5,-13.2641
-13.5,-13.5,-13.7489
-13,-13.5,-13.4887
-12.5,-13.5,-13.4388
-12,-13.5,-17.2474
-11.5,-13.5,-13.7792
-11,-13.5,-14.475
-10.5,-13.5,-10.1414
-10,-13.5,-14.6399
-9.5,-13.5,-17.0577
-9,-13.5,-13.8027
-8.5,-13.5,-9.14157
-8,-13.5,-12.7771
-7.5,-13.5,-13.3456
-7,-13.5,-11.6953
-6.5,-13.5,-17.8615
-6,-13.5,-8.43537
-5.5,-13.5,-12.2753
-5,-13.5,-10.9272
-4.5,-13.5,-13.9488
-4,-13.5,-11.8745
-3.5,-13.5,-17.7598
-3,-13.5,-11.7114
-2.5,-13.5,-13.205
-2,-13.5,-11.0186
-1.5,-13.5,-11.1787
-1,-13.5,-10.0416
-0.5,-13.5,-9.91616
0,-13.5,-11.3984
0.5,-13.5,-16.3061
1,-13.5,-14.9644
1.5,-13.5,-16.3837
2,-13.5,-13.3323
2.5,-13.5,-6.49854
3,-13.5,-7.61895
3.5,-13.5,-7.76422
4,-13.5,-5.62951
4.5,-13.5,-5.22347
5,-13.5,-6.72984
5.5,-13.5,-11.8183
6,-13.5,-13.9831
6.5,-13.5,-15.8437
7,-13.5,-13.3696
7.5,-13.5,-11.4302
8,-13.5,-11.8106
8.5,-13.5,-6.87025
9,-13.5,-6.67249
9.5,-13.5,-6.25639
10,-13.5,-6.01127
10.5,-13.5,-5.39706
11,-13.5,-8.0351
11.5,-13.5,-7.22625
12,-13.5,-7.01296
12.5,-13.5,-7.70745
13,-13.5,-10.5778
13.5,-13.5,-10.8851
14,-13.5,-11.9643
14.5,-13.5,-13.826
15,-13.5,-16.7638
-15,-13,-13.1898
-14.5,-13,-11.8557
-14,-13,-11.3541
-13.5,-13,-16.8113
-13,-13,-15.9953
-12.5,-13,-11.1682
-12,-13,-15.0798
-11.5,-13,-11.3461
-11,-13,-17.5405
-10.5,-13,-13.6471
-10,-13,-8.34168
-9.5,-13,-14.7057
-9,-13,-14.3331
-8.5,-13,-17.2949
-8,-13,-16.353
-7.5,-13,-8.48407
-7,-13,-10.7112
-6.5,-13,-14.308
-6,-13,-14.2376
-5.5,-13,-5.66512
-5,-13,-15.9369
-4.5,-13,-9.85735
-4,-13,-13.7268
-3.5,-13,-16.8646
-3,-13,-10.1164
-2.5,-13,-16.1108
-2,-13,-12.8022
-1.5,-13,-12.6593
-1,-13,-12.6076
-0.5,-13,-10.3234
0,-13,-10.5462
0.5,-13,-12.0511
1,-13,-7.83594
1.5,-13,-8.09311
2,-13,-10.0701
2.5,-13,-7.21363
3,-13,-9.94745
3.5,-13,-10.6989
4,-13,-5.65591
4.5,-13,-6.04497
5,-13,-7.15623
5.5,-13,-11.081
6,-13,-14.2229
6.5,-13,-11.6972
7,-13,-9.23488
7.5,-13,-12.8023
8,-13,-8.4042
8.5,-13,-7.22772
9,-13,-6.08462
9.5,-13,-4.91814
10,-13,-9.12627
10.5,-13,-12.2454
11,-13,-12.7061
11.5,-13,-10.3829
12,-13,-10.5164
12.5,-13,-8.73452
13,-13,-15.5332
13.5,-13,-12.8717
14,-13,-12.934
14.5,-13,-13.654
15,-13,-15.1108
-15,-12.5,-11.5352
-14.5,-12.5,-18.3721
-14,-12.5,-12.236
-13.5,-12.5,-14.7603
-13,-12.5,-12.0777
-12.5,-12.5,-11.0773
-12,-12.5,-10.1631
-11.5,-12.5,-16.805
-11,-12.5,-18.4043
-10.5,-12.5,-14.6402
-10,-12.5,-13.4
-9.5,-12.5,-17.5027
-9,-12.5,-15.8307
-8.5,-12.5,-13.4528
-8,-12.5,-13.356
-7.5,-12.5,-11.3791
-7,-12.5,-13.4611
-6.5,-12.5,-11.9467
-6,-12.5,-15.1512
-5.5,-12.5,-7.80022
-5,-12.5,-9.35668
-4.5,-12.5,-15.3924
-4,-12.5,-11.8069
-3.5,-12.5,-13.7459
-3,-12.5,-12.1037
-2.5,-12.5,-12.9112
-2,-12.5,-11.3334
-1.5,-12.5,-10.6706
-1,-12.5,-12.1273
-0.5,-12.5,-8.70614
0,-12.5,-14.4466
0.5,-12.5,-7.10607
1,-12.5,-10.2936
1.5,-12.5,-9.92324
2,-12.5,-8.22889
2.5,-12.5,-7.10006
3,-12.5,-8.01361
3.5,-12.5,-11.2377
4,-12.5,-8.09514
4.5,-12.5,-9.92602
5,-12.5,-7.59278
5.5,-12.5,-10.3014
6,-12.5,-9.44616
6.5,-12.5,-16.5388
7,-12.5,-7.89071
7.5,-12.5,-7.58779
8,-12.5,-7.58111
8.5,-12.5,-8.89677
9,-12.5,-7.37201
9.5,-12.5,-10.0911
10,-12.5,-6.83256
10.5,-12.5,-7.89126
11,-12.5,-7.66076
11.5,-12.5,-9.69253
12,-12.5,-9.73967
12.5,-12.5,-14.9199
13,-12.5,-13.0656
13.5,-12.5,-12.5036
14,-12.5,-12.7662
14.5,-12.5,-13.1416
15,-12.5,-10.7692
-15,-12,-7.06152
-14.5,-12,-22.086
-14,-12,-13.7152
-13.5,-12,-12.2267
-13,-12,-11.184
-12.5,-12,-24.3284
-12,-12,-26.8404
-11.5,-12,-13.2717
-11,-12,-12.9711
-10.5,-12,-13.8108
-10,-12,-12.8013
-9.5,-12,-12.7922
-9,-12,-12.0176
-8.5,-12,-15.7559
-8,-12,-10.562
-7.5,-12,-9.63309
-7,-12,-13.0375
-6.5,-12,-14.653
-6,-12,-13.2247
-5.5,-12,-10.1838
-5,-12,-12.8805
-4.5,-12,-8.74293
-4,-12,-12.8755
-3.5,-12,-14.0617
-3,-12,-11.5991
-2.5,-12,-15.5017
-2,-12,-8.89773
-1.5,-12,-11.4458
-1,-12,-6.40773
-0.5,-12,-11.2197
0,-12,-8.8484
0.5,-12,-9.06015
1,-12,-7.75411
1.5,-12,-5.35463
2,-12,-9.01137
2.5,-12,-12.712
3,-12,-9.06939
3.5,-12,-16.3745
4,-12,-12.0524
4.5,-12,-8.3403
5,-12,-5.9404
5.5,-12,-6.99967
6,-12,-6.10896
6.5,-12,-6.5352
7,-12,-6.75359
7.5,-12,-6.54344
8,-12,-10.6526
8.5,-12,-9.43639
9,-12,-8.70325
9.5,-12,-9.45659
10,-12,-10.4977
10.5,-12,-12.2248
11,-12,-16.0729
11.5,-12,-12.8964
12,-12,-9.73017
12.5,-12,-10.1073
13,-12,-10.6807
13.5,-12,-12.0906
14,-12,-11.1662
14.5,-12,-10.5599
15,-12,-9.68427
-15,-11.5,-8.12473
-14.5,-11.5,-10.7411
-14,-11.5,-12.876
-13.5,-11.5,-9.81618
-13,-11.5,-19.0082
-12.5,-11.5,-15.6395
-12,-11.5,-16.6375
-11.5,-11.5,-8.27857
-11,-11.5,-7.58813
-10.5,-11.5,-8.96269
-10,-11.5,-13.2203
-9.5,-11.5,-8.62034
-9,-11.5,-13.926
-8.5,-11.5,-9.62425
-8,-11.5,-8.73177
-7.5,-11.5,-15.491
-7,-11.5,-14.3849
-6.5,-11.5,-13.9437
-6,-11.5,-12.4621
-5.5,-11.5,-7.42648
-5,-11.5,-16.7557
-4.5,-11.5,-11.6438
-4,-11.5,-17.7624
-3.5,-11.5,-10.1428
-3,-11.5,-7.92977
-2.5,-11.5,-12.1642
-2,-11.5,-11.0033
-1.5,-11.5,-19.8285
-1,-11.5,-15.2299
-0.5,-11.5,-12.4367
0,-11.5,-9.23219
0.5,-11.5,-6.31764
1,-11.5,-7.52527
1.5,-11.5,-7.26801
2,-11.5,-7.69918
2.5,-11.5,-12.2976
3,-11.5,-11.5466
3.5,-11.5,-9.20955
4,-11.5,-10.7244
4.5,-11.5,-6.80386
5,-11.5,-9.03464
5.5,-11.5,-4.84291
6,-11.5,-6.31199
6.5,-11.5,-3.33701
7,-11.5,-5.08448
7.5,-11.5,-4.69962
8,-11.5,-10.866
8.5,-11.5,-12.9941
9,-11.5,-11.8101
9.5,-11.5,-12.1129
10,-11.5,-14.298
10.5,-11.5,-17.5235
11,-11.5,-14.5879
11.5,-11.5,-15.8813
12,-11.5,-12.7644
12.5,-11.5,-12.2937
13,-11.5,-10.6057
13.5,-11.5,-9.8609
14,-11.5,-12.4591
14.5,-11.5,-12.8885
15,-11.5,-9.71368
-15,-11,-11.4045
-14.5,-11,-15.3579
-14,-11,-13.041
-13.5,-11,-13.3034
-13,-11,-11.8888
-12.5,-11,-15.5011
-12,-11,-10.7658
-11.5,-11,-16.8029
-11,-11,-15.9698
-10.5,-11,-15.2244
-10,-11,-20.1526
-9.5,-11,-9.50482
-9,-11,-14.6161
-8.5,-11,-17.0991
-8,-11,-12.831
-7.5,-11,-20.2824
-7,-11,-9.98526
-6.5,-11,-14.2651
-6,-11,-15.4154
-5.5,-11,-17.092
-5,-11,-11.8879
-4.5,-11,-16.2438
-4,-11,-9.53898
-3.5,-11,-12.2202
-3,-11,-10.8238
-2.5,-11,-15.5854
-2,-11,-12.4685
-1.5,-11,-12.8481
-1,-11,-18.3629
-0.5,-11,-6.39149
0,-11,-5.25498
0.5,-11,-6.1907
1,-11,-5.64485
1.5,-11,-7.49166
2,-11,-19.5631
2.5,-11,-8.92733
3,-11,-5.18782
3.5,-11,-5.70136
4,-11,-6.43225
4.5,-11,-7.03361
5,-11,-8.62897
5.5,-11,-10.4786
6,-11,-7.72817
6.5,-11,-8.62798
7,-11,-7.56617
7.5,-11,-6.52603
8,-11,-11.4289
8.5,-11,-12.0591
9,-11,-13.5324
9.5,-11,-15.1893
10,-11,-13.1285
10.5,-11,-15.2762
11,-11,-15.0009
11.5,-11,-21.4599
12,-11,-16.0128
12.5,-11,-12.17
13,-11,-12.0845
13.5,-11,-10.5762
14,-11,-10.8182
14.5,-11,-11.0971
15,-11,-15.705
-15,-10.5,-12.1256
-14.5,-10.5,-10.5594
-14,-10.5,-10.222
-13.5,-10.5,-10.9646
-13,-10.5,-14.8953
-12.5,-10.5,-18.2401
-12,-10.5,-11.6364
-11.5,-10.5,-12.4643
-11,-10.5,-9.52358
-10.5,-10.5,-17.1008
-10,-10.5,-13.4714
-9.5,-10.5,-14.6595
-9,-10.5,-12.3217
-8.5,-10.5,-16.3829
-8,-10.5,-19.0082
-7.5,-10.5,-13.0549
-7,-10.5,-9.35107
-6.5,-10.5,-11.0563
-6,-10.5,-15.6919
-5.5,-10.5,-9.69738
-5,-10.5,-8.61201
-4.5,-10.5,-13.0987
-4,-10.5,-13.8364
-3.5,-10.5,-11.3775
-3,-10.5,-13.559
-2.5,-10.5,-18.5061
-2,-10.5,-16.5157
-1.5,-10.5,-11.946
-1,-10.5,-8.52463
-0.5,-10.5,-6.04468
0,-10.5,-6.79743
0.5,-10.5,-7.39325
1,-10.5,-16.6055
1.5,-10.5,-9.35292
2,-10.5,-11.2737
2.5,-10.5,-5.39626
3,-10.5,-4.41261
3.5,-10.5,-9.51328
4,-10.5,-5.54007
4.5,-10.5,-4.09381
5,-10.5,-8.04588
5.5,-10.5,-7.61139
6,-10.5,-6.44739
6.5,-10.5,-11.7526
7,-10.5,-10.7025
7.5,-10.5,-11.4521
8,-10.5,-13.4168
8.5,-10.5,-12.1785
9,-10.5,-10.499
9.5,-10.5,-9.02626
10,-10.5,-14.6786
10.5,-10.5,-11.181
11,-10.5,-14.7349
11.5,-10.5,-16.7415
12,-10.5,-14.705
12.5,-10.5,-10.8343
13,-10.5,-12.0562
13.5,-10.5,-11.6538
14,-10.5,-12.389
14.5,-10.5,-11.2772
15,-10.5,-16.0602
-15,-10,-17.2797
-14.5,-10,-12.4007
-14,-10,-10.1891
-13.5,-10,-9.8684
-13,-10,-10.7087
-12.5,-10,-14.9114
-12,-10,-17.2821
-11.5,-10,-14.8311
-11,-10,-22.2246
-10.5,-10,-10.7684
-10,-10,-8.86264
-9.5,-10,-11.2059
-9,-10,-11.1985
-8.5,-10,-13.2314
-8,-10,-17.9066
-7.5,-10,-5.06117
-7,-10,-12.1849
-6.5,-10,-11.7213
-6,-10,-13.653
-5.5,-10,-11.2221
-5,-10,-9.11016
-4.5,-10,-9.79147
-4,-10,-8.1116
-3.5,-10,-10.5587
-3,-10,-12.6787
-2.5,-10,-10.4482
-2,-10,-6.72931
-1.5,-10,-5.39075
-1,-10,-3.96804
-0.5,-10,-6.42203
0,-10,-7.55209
0.5,-10,-11.4076
1,-10,-12.5192
1.5,-10,-12.5468
2,-10,-6.015
2.5,-10,-6.46604
3,-10,-3.05599
3.5,-10,-4.04723
4,-10,-4.15493
4.5,-10,-6.787
5,-10,-9.12763
5.5,-10,-15.3694
6,-10,-15.5128
6.5,-10,-10.1254
7,-10,-13.3068
7.5,-10,-11.7594
8,-10,-9.74771
8.5,-10,-13.9903
9,-10,-8.95745
9.5,-10,-10.8555
10,-10,-13.9449
10.5,-10,-11.9614
11,-10,-10.2409
11.5,-10,-19.4142
12,-10,-22.1103
12.5,-10,-17.7042
13,-10,-15.9202
13.5,-10,-10.7011
14,-10,-19.4173
14.5,-10,-17.0558
15,-10,-14.5389
-15,-9.5,-6.32669
-14.5,-9.5,-4.18955
-14,-9.5,-3.93598
-13.5,-9.5,-14.199
-13,-9.5,-13.3534
-12.5,-9.5,-15.8076
-12,-9.5,-9.38281
-11.5,-9.5,-16.0169
-11,-9.5,-15.7465
-10.5,-9.5,-14.4105
-10,-9.5,-16.5743
-9.5,-9.5,-8.44229
-9,-9.5,-12.5985
-8.5,-9.5,-13.539
-8,-9.5,-7.1258
-7.5,-9.5,-13.6828
-7,-9.5,-15.4792
-6.5,-9.5,-9.43236
-6,-9.5,-12.8
-5.5,-9.5,-8.92666
-5,-9.5,-15.6592
-4.5,-9.5,-8.6348
-4,-9.5,-6.69749
-3.5,-9.5,-9.95117
-3,-9.5,-10.4044
-2.5,-9.5,-5.73765
-2,-9.5,-8.0203
-1.5,-9.5,-4.49072
-1,-9.5,-8.05352
-0.5,-9.5,-10.1778
0,-9.5,-12.834
0.5,-9.5,-9.39083
1,-9.5,-7.23138
1.5,-9.5,-6.03859
2,-9.5,-6.27908
2.5,-9.5,-2.58581
3,-9.5,-6.76013
3.5,-9.5,-7.47391
4,-9.5,-5.96758
4.5,-9.5,-4.95622
5,-9.5,-12.2003
5.5,-9.5,-8.55079
6,-9.5,-11.3443
6.5,-9.5,-14.417
7,-9.5,-11.7482
7.5,-9.5,-14.118
8,-9.5,-13.508
8.5,-9.5,-13.3645
9,-9.5,-13.5236
9.5,-9.5,-11.3101
10,-9.5,-8.50284
10.5,-9.5,-10.2727
11,-9.5,-16.9374
11.5,-9.5,-12.3298
12,-9.5,-14.8535
12.5,-9.5,-18.4136
13,-9.5,-12.783
13.5,-9.5,-14.519
14,-9.5,-17.1817
14.5,-9.5,-17.1515
15,-9.5,-14.3621
-15,-9,-4.8814
-14.5,-9,-5.66554
-14,-9,-2.03912
-13.5,-9,-8.61898
-13,-9,-11.7556
-12.5,-9,-14.4466
-12,-9,-13.7937
-11.5,-9,-17.6365
-11,-9,-15.3802
-10.5,-9,-10.02
-10,-9,-12.9254
-9.5,-9,-9.72734
-9,-9,-15.976
-8.5,-9,-8.67725
-8,-9,-14.6862
-7.5,-9,-11.7819
-7,-9,-8.86117
-6.5,-9,-13.6684
-6,-9,-9.40216
-5.5,-9,-14.1447
-5,-9,-8.65612
-4.5,-9,-7.40859
-4,-9,-21.1663
-3.5,-9,-3.92229
-3,-9,-5.13523
-2.5,-9,-3.4109
-2,-9,-6.12572
-1.5,-9,-13.1502
-1,-9,-14.2636
-0.5,-9,-12.7673
0,-9,-10.8779
0.5,-9,-6.32201
1,-9,-6.12423
1.5,-9,-5.53665
2,-9,-9.25291
2.5,-9,-8.14007
3,-9,-3.58654
3.5,-9,-11.3618
4,-9,-4.67125
4.5,-9,-9.97488
5,-9,-12.6313
5.5,-9,-13.9297
6,-9,-12.7181
6.5,-9,-9.83771
7,-9,-10.9131
7.5,-9,-16.7142
8,-9,-15.3504
8.5,-9,-18.0506
9,-9,-10.2231
9.5,-9,-9.16149
10,-9,-9.62092
10.5,-9,-12.6223
11,-9,-9.13586
11.5,-9,-16.1177
12,-9,-14.7754
12.5,-9,-15.8693
13,-9,-16.9679
13.5,-9,-15.8251
14,-9,-19.0348
14.5,-9,-14.6998
15,-9,-13.8412
-15,-8.5,-1.88207
-14.5,-8.5,-3.95058
-14,-8.5,-3.51793
-13.5,-8.5,-4.51931
-13,-8.5,-4.94939
-12.5,-8.5,-10.5584
-12,-8.5,-15.8106
-11.5,-8.5,-12.074
-11,-8.5,-18.3677
-10.5,-8.5,-14.7529
-10,-8.5,-11.6919
-9.5,-8.5,-10.083
-9,-8.5,-15.3495
-8.5,-8.5,-12.8782
-8,-8.5,-16.0883
-7.5,-8.5,-12.4725
-7,-8.5,-13.0066
-6.5,-8.5,-12.5425
-6,-8.5,-8.47345
-5.5,-8.5,-9.20906
-5,-8.5,-8.04998
-4.5,-8.5,-8.13038
-4,-8.5,-5.64909
-3.5,-8.5,-4.62776
-3,-8.5,-2.8511
-2.5,-8.5,-8.2549
-2,-8.5,-6.1176
-1.5,-8.5,-14.5171
-1,-8.5,-5.04665
-0.5,-8.5,-8.73116
0,-8.5,-5.15254
0.5,-8.5,-6.45867
1,-8.5,-4.59388
1.5,-8.5,-4.38625
2,-8.5,-9.09476
2.5,-8.5,-9.67434
3,-8.5,-7.81147
3.5,-8.5,-10.6915
4,-8.5,-9.16485
4.5,-8.5,-11.5336
5,-8.5,-7.55123
5.5,-8.5,-10.7507
6,-8.5,-17.6325
6.5,-8.5,-20.0066
7,-8.5,-17.5053
7.5,-8.5,-12.9377
8,-8.5,-16.3494
8.5,-8.5,-11.0834
9,-8.5,-9.56488
9.5,-8.5,-9.39609
10,-8.5,-9.62878
10.5,-8.5,-10.8006
11,-8.5,-9.37052
11.5,-8.5,-15.7332
12,-8.5,-11.0802
12.5,-8.5,-13.73
13,-8.5,-17.4504
13.5,-8.5,-16.7135
14,-8.5,-18.4086
14.5,-8.5,-16.0281
15,-8.5,-15.8295
-15,-8,2.49245
-14.5,-8,-1.73096
-14,-8,-0.967548
-13.5,-8,-6.99677
-13,-8,-8.11802
-12.5,-8,-6.98504
-12,-8,-9.3455
-11.5,-8,-5.0237
-11,-8,-6.00385
-10.5,-8,-11.3582
-10,-8,-14.3101
-9.5,-8,-12.5959
-9,-8,-11.1221
-8.5,-8,-15.0386
-8,-8,-12.1689
-7.5,-8,-8.54887
-7,-8,-14.1219
-6.5,-8,-11.457
-6,-8,-9.04357
-5.5,-8,-8.51025
-5,-8,-6.59579
-4.5,-8,-5.84919
-4,-8,-2.8163
-3.5,-8,-2.77857
-3,-8,-9.99865
-2.5,-8,-12.4676
-2,-8,-8.64978
-1.5,-8,-8.43676
-1,-8,-3.58179
-0.5,-8,-4.47906
0,-8,-5.53017
0.5,-8,-6.79558
1,-8,-8.63419
1.5,-8,-9.0194
2,-8,-9.05043
2.5,-8,-9.64625
3,-8,-11.7552
3.5,-8,-6.95833
4,-8,-10.5904
4.5,-8,-8.40364
5,-8,-16.4516
5.5,-8,-18.356
6,-8,-13.1566
6.5,-8,-14.6831
7,-8,-13.004
7.5,-8,-12.9975
8,-8,-15.9813
8.5,-8,-17.6811
9,-8,-19.8441
9.5,-8,-10.3307
10,-8,-9.75155
10.5,-8,-11.7643
11,-8,-15.4381
11.5,-8,-16.888
12,-8,-13.3513
12.5,-8,-11.1831
13,-8,-20.1615
13.5,-8,-16.6298
14,-8,-17.7351
14.5,-8,-16.2056
15,-8,-15.8532
-15,-7.5,-11.5924
-14.5,-7.5,-5.11576
-14,-7.5,-13.1038
-13.5,-7.5,-3.2632
-13,-7.5,-9.43991
-12.5,-7.5,-3.65335
-12,-7.5,-12.0523
-11.5,-7.5,-10.2076
-11,-7.5,-13.1124
-10.5,-7.5,-16.2862
-10,-7.5,-9.8295
-9.5,-7.5,-7.7096
-9,-7.5,-6.31988
-8.5,-7.5,-13.5003
-8,-7.5,-12.0024
-7.5,-7.5,-9.51564
-7,-7.5,-11.3682
-6.5,-7.5,-10.4522
-6,-7.5,-9.3104
-5.5,-7.5,-11.6347
-5,-7.5,-2.99044
-4.5,-7.5,-1.82571
-4,-7.5,-5.25271
-3.5,-7.5,-7.82008
-3,-7.5,-11.4175
-2.5,-7.5,-5.60821
-2,-7.5,-5.5965
-1.5,-7.5,-4.29251
-1,-7.5,-6.81073
-0.5,-7.5,-8.28411
0,-7.5,-8.68828
0.5,-7.5,-12.6224
1,-7.5,-11.451
1.5,-7.5,-14.5638
2,-7.5,-14.8154
2.5,-7.5,-9.97053
3,-7.5,-9.43698
3.5,-7.5,-14.6129
4,-7.5,-13.5
4.5,-7.5,-5.35513
5,-7.5,-12.296
5.5,-7.5,-8.3916
6,-7.5,-15.0735
6.5,-7.5,-11.5199
7,-7.5,-16.6562
7.5,-7.5,-10.9511
8,-7.5,-13.6098
8.5,-7.5,-11.9701
9,-7.5,-14.8636
9.5,-7.5,-15.7037
10,-7.5,-9.97556
10.5,-7.5,-11.4721
11,-7.5,-10.8058
11.5,-7.5,-12.7051
12,-7.5,-13.0678
12.5,-7.5,-12.3914
13,-7.5,-12.8095
13.5,-7.5,-14.6487
14,-7.5,-13.6345
14.5,-7.5,-23.8988
15,-7.5,-14.869
-15,-7,-0.315336
-14.5,-7,-1.53259
-14,-7,-2.13452
-13.5,-7,3.86586
-13,-7,-2.76197
-12.5,-7,-5.98122
-12,-7,-9.19283
-11.5,-7,-11.2041
-11,-7,-9.61152
-10.5,-7,-8.1163
-10,-7,-11.1396
-9.5,-7,-9.71411
-9,-7,-12.6642
-8.5,-7,-13.6839
-8,-7,-13.5627
-7.5,-7,-9.27067
-7,-7,-4.53512
-6.5,-7,-15.2114
-6,-7,-9.38218
-5.5,-7,-3.75816
-5,-7,-4.13738
-4.5,-7,-2.86954
-4,-7,-14.4507
-3.5,-7,-8.37357
-3,-7,-4.19955
-2.5,-7,-5.61626
-2,-7,-3.22151
-1.5,-7,-5.20845
-1,-7,-4.93538
-0.5,-7,-6.06066
0,-7,-12.6032
0.5,-7,-11.3669
1,-7,-12.189
1.5,-7,-13.6893
2,-7,-11.4282
2.5,-7,-10.7975
3,-7,-8.91036
3.5,-7,-13.9706
4,-7,-13.5653
4.5,-7,-16.4575
5,-7,-15.5832
5.5,-7,-9.75623
6,-7,-15.8669
6.5,-7,-10.9786
7,-7,-12.7407
7.5,-7,-12.4925
8,-7,-14.8694
8.5,-7,-12.7107
9,-7,-16.6515
9.5,-7,-19.9702
10,-7,-15.5623
10.5,-7,-10.8108
11,-7,-12.0766
11.5,-7,-15.4993
12,-7,-17.0352
12.5,-7,-14.3077
13,-7,-15.9419
13.5,-7,-13.0047
14,-7,-13.7997
14.5,-7,-9.3652
15,-7,-15.2534
-15,-6.5,4.79305
-14.5,-6.5,5.66456
-14,-6.5,5.22535
-13.5,-6.5,8.79613
-13,-6.5,8.40004
-12.5,-6.5,-8.33716
-12,-6.5,-14.0809
-11.5,-6.5,-8.89349
-11,-6.5,-13.8795
-10.5,-6.5,-8.50426
-10,-6.5,-10.4035
-9.5,-6.5,-11.6031
-9,-6.5,-14.882
-8.5,-6.5,-19.682
-8,-6.5,-9.00757
-7.5,-6.5,-7.58957
-7,-6.5,-8.00414
-6.5,-6.5,-8.26822
-6,-6.5,-2.42037
-5.5,-6.5,-4.85438
-5,-6.5,-8.10234
-4.5,-6.5,-14.1553
-4,-6.5,-6.08475
-3.5,-6.5,-4.65129
-3,-6.5,-2.25988
-2.5,-6.5,-4.7357
-2,-6.5,-4.20211
-1.5,-6.5,-10.5775
-1,-6.5,-8.67481
-0.5,-6.5,-6.78602
0,-6.5,-10.9612
0.5,-6.5,-8.67409
1,-6.5,-16.1681
1.5,-6.5,-13.8825
2,-6.5,-8.16832
2.5,-6.5,-11.2243
3,-6.5,-12.8618
3.5,-6.5,-5.99821
4,-6.5,-10.1394
4.5,-6.5,-13.0166
5,-6.5,-18.1579
5.5,-6.5,-11.5834
6,-6.5,-12.167
6.5,-6.5,-15.4787
7,-6.5,-10.4934
7.5,-6.5,-10.971
8,-6.5,-13.5556
8.5,-6.5,-15.4513
9,-6.5,-19.9896
9.5,-6.5,-13.6293
10,-6.5,-19.5176
10.5,-6.5,-16.5256
11,-6.5,-12.1701
11.5,-6.5,-21.286
12,-6.5,-21.788
12.5,-6.5,-12.2406
13,-6.5,-11.9784
13.5,-6.5,-11.9896
14,-6.5,-13.8349
14.5,-6.5,-15.509
15,-6.5,-13.8404
-15,-6,8.05796
-14.5,-6,9.62635
-14,-6,7.75755
-13.5,-6,3.97528
-13,-6,11.5724
-12.5,-6,4.54696
-12,-6,-1.09937
-11.5,-6,-5.17823
-11,-6,-5.48403
-10.5,-6,-10.0126
-10,-6,-12.3242
-9.5,-6,-10.1723
-9,-6,-7.80976
-8.5,-6,-6.23593
-8,-6,-6.7406
-7.5,-6,-8.47228
-7,-6,-1.57215
-6.5,-6,-2.38004
-6,-6,-5.16186
-5.5,-6,-10.8118
-5,-6,-6.59524
-4.5,-6,-2.92127
-4,-6,-2.71577
-3.5,-6,-2.6033
-3,-6,-3.66873
-2.5,-6,-9.19394
-2,-6,-8.07806
-1.5,-6,-8.77613
-1,-6,-13.0712
-0.5,-6,-12.2779
0,-6,-16.1755
0.5,-6,-10.1956
1,-6,-11.3346
1.5,-6,-17.9608
2,-6,-12.7617
2.5,-6,-11.8103
3,-6,-14.6005
3.5,-6,-18.821
4,-6,-14.9083
4.5,-6,-22.0706
5,-6,-13.694
5.5,-6,-18.7717
6,-6,-15.9949
6.5,-6,-17.7299
7,-6,-18.5323
7.5,-6,-16.2296
8,-6,-15.3536
8.5,-6,-16.5817
9,-6,-16.4963
9.5,-6,-12.753
10,-6,-13.6767
10.5,-6,-18.3855
11,-6,-12.2439
11.5,-6,-12.3508
12,-6,-12.6827
12.5,-6,-10.0641
13,-6,-9.49909
13.5,-6,-15.9453
14,-6,-12.6877
14.5,-6,-15.2385
15,-6,-13.3314
-15,-5.5,9.04413
-14.5,-5.5,10.5157
-14,-5.5,7.78369
-13.5,-5.5,10.3841
-13,-5.5,10.1598
-12.5,-5.5,5.10615
-12,-5.5,0.784625
-11.5,-5.5,-6.60736
-11,-5.5,-2.83479
-10.5,-5.5,-5.53971
-10,-5.5,-11.3587
-9.5,-5.5,-6.25695
-9,-5.5,-2.73369
-8.5,-5.5,-4.73805
-8,-5.5,-6.23867
-7.5,-5.5,-2.62989
-7,-5.5,-1.49615
-6.5,-5.5,-7.28333
-6,-5.5,-10.1972
-5.5,-5.5,-4.20696
-5,-5.5,-5.37633
-4.5,-5.5,-3.82031
-4,-5.5,-3.94902
-3.5,-5.5,-6.21713
-3,-5.5,-10.2099
-2.5,-5.5,-10.3648
-2,-5.5,-14.4705
-1.5,-5.5,-13.5356
-1,-5.5,-15.0747
-0.5,-5.5,-7.42699
0,-5.5,-11.8857
0.5,-5.5,-14.2225
1,-5.5,-12.9775
1.5,-5.5,-10.5934
2,-5.5,-8.57021
2.5,-5.5,-20.0956
3,-5.5,-12.529
3.5,-5.5,-14.3943
4,-5.5,-16.4075
4.5,-5.5,-15.0874
5,-5.5,-9.10743
5.5,-5.5,-16.9022
6,-5.5,-17.2391
6.5,-5.5,-13.8773
7,-5.5,-15.4316
7.5,-5.5,-14.7523
8,-5.5,-21.7924
8.5,-5.5,-10.5779
9,-5.5,-17.2966
9.5,-5.5,-14.8283
10,-5.5,-16.7177
10.5,-5.5,-19.3604
11,-5.5,-18.1623
11.5,-5.5,-13.0379
12,-5.5,-16.8881
12.5,-5.5,-15.6064
13,-5.5,-15.2809
13.5,-5.5,-14.3244
14,-5.5,-16.984
14.5,-5.5,-16.5153
15,-5.5,-10.1967
-15,-5,11.9148
-14.5,-5,12.8804
-14,-5,9.40327
-13.5,-5,7.9858
-13,-5,7.6449
-12.5,-5,2.80315
-12,-5,-7.35136
-11.5,-5,-6.41722
-11,-5,-9.74416
-10.5,-5,-8.81001
-10,-5,-5.8642
-9.5,-5,-7.71487
-9,-5,-6.90937
-8.5,-5,-7.06865
-8,-5,-0.067946
-7.5,-5,-2.2661
-7,-5,-9.44093
-6.5,-5,-5.39872
-6,-5,-5.23735
-5.5,-5,-2.10262
-5,-5,-4.03765
-4.5,-5,-6.43773
-4,-5,-7.45844
-3.5,-5,-7.3829
-3,-5,-14.4431
-2.5,-5,-14.4221
-2,-5,-10.323
-1.5,-5,-10.5103
-1,-5,-14.5581
-0.5,-5,-13.163
0,-5,-14.6544
0.5,-5,-11.0625
1,-5,-12.146
1.5,-5,-11.2774
2,-5,-20.4271
2.5,-5,-17.6459
3,-5,-12.0411
3.5,-5,-8.30889
4,-5,-12.9373
4.5,-5,-11.7995
5,-5,-18.1854
5.5,-5,-10.1214
6,-5,-18.6222
6.5,-5,-17.0112
7,-5,-16.9504
7.5,-5,-13.9807
8,-5,-11.4248
8.5,-5,-15.7701
9,-5,-16.1885
9.5,-5,-15.9198
10,-5,-12.7531
10.5,-5,-10.6844
11,-5,-17.7648
11.5,-5,-21.1074
12,-5,-13.282
12.5,-5,-13.9834
13,-5,-15.6837
13.5,-5,-12.0333
14,-5,-14.3287
14.5,-5,-15.0393
15,-5,-12.9873
-15,-4.5,6.20761
-14.5,-4.5,10.0893
-14,-4.5,5.71952
-13.5,-4.5,6.0585
-13,-4.5,4.96526
-12.5,-4.5,0.845149
-12,-4.5,-6.4312
-11.5,-4.5,-5.41428
-11,-4.5,-1.25412
-10.5,-4.5,-7.47079
-10,-4.5,-5.76422
-9.5,-4.5,-4.76774
-9,-4.5,-5.18206
-8.5,-4.5,0.937354
-8,-4.5,-6.12949
-7.5,-4.5,-9.59248
-7,-4.5,-4.94019
-6.5,-4.5,-0.321122
-6,-4.5,-1.18504
-5.5,-4.5,-2.79119
-5,-4.5,-8.20095
-4.5,-4.5,-8.91777
-4,-4.5,-12.6999
-3.5,-4.5,-9.95367
-3,-4.5,-10.9053
-2.5,-4.5,-13.453
-2,-4.5,-7.0884
-1.5,-4.5,-13.193
-1,-4.5,-11.3882
-0.5,-4.5,-14.8433
0,-4.5,-13.5471
0.5,-4.5,-12.1837
1,-4.5,-11.702
1.5,-4.5,-11.8983
2,-4.5,-14.7823
2.5,-4.5,-11.6702
3,-4.5,-18.3818
3.5,-4.5,-12.0507
4,-4.5,-13.7867
4.5,-4.5,-16.1246
5,-4.5,-11.2945
5.5,-4.5,-16.5835
6,-4.5,-14.8249
6.5,-4.5,-9.98684
7,-4.5,-17.971
7.5,-4.5,-14.3595
8,-4.5,-9.96213
8.5,-4.5,-10.8309
9,-4.5,-13.2582
9.5,-4.5,-13.7909
10,-4.5,-17.2825
10.5,-4.5,-12.3707
11,-4.5,-17.1371
11.5,-4.5,-16.5705
12,-4.5,-17.7384
12.5,-4.5,-23.0972
13,-4.5,-15.7502
13.5,-4.5,-17.8702
14,-4.5,-14.2902
14.5,-4.5,-15.336
15,-4.5,-13.096
-15,-4,-3.11787
-14.5,-4,2.93221
-14,-4,0.885975
-13.5,-4,0.279401
-13,-4,0.573817
-12.5,-4,-1.22973
-12,-4,-0.791857
-11.5,-4,-2.50274
-11,-4,-6.80094
-10.5,-4,-6.45272
-10,-4,-6.29767
-9.5,-4,-0.628563
-9,-4,-0.163005
-8.5,-4,-10.1251
-8,-4,-6.21546
-7.5,-4,0.393945
-7,-4,0.339866
-6.5,-4,-2.47379
-6,-4,-8.55733
-5.5,-4,-9.44388
-5,-4,-13.308
-4.5,-4,-11.1724
-4,-4,-10.31
-3.5,-4,-8.10924
-3,-4,-7.45345
-2.5,-4,-14.0736
-2,-4,-10.6109
-1.5,-4,-22.3026
-1,-4,-16.1683
-0.5,-4,-15.3979
0,-4,-17.9069
0.5,-4,-9.44516
1,-4,-9.26039
1.5,-4,-10.0194
2,-4,-16.2085
2.5,-4,-17.0544
3,-4,-13.4818
3.5,-4,-11.6669
4,-4,-14.4222
4.5,-4,-12.1435
5,-4,-13.5879
5.5,-4,-14.214
6,-4,-18.8029
6.5,-4,-15.0406
7,-4,-14.2009
7.5,-4,-12.6222
8,-4,-13.4965
8.5,-4,-14.813
9,-4,-19.9254
9.5,-4,-16.0457
10,-4,-16.9346
10.5,-4,-11.3837
11,-4,-20.7989
11.5,-4,-14.3407
12,-4,-19.9171
12.5,-4,-13.3958
13,-4,-19.4067
13.5,-4,-16.2948
14,-4,-16.6799
14.5,-4,-13.3793
15,-4,-11.7998
-15,-3.5,-3.09539
-14.5,-3.5,-3.26791
-14,-3.5,-0.329341
-13.5,-3.5,-2.32558
-13,-3.5,2.0274
-12.5,-3.5,-2.67031
-12,-3.5,-3.3574
-11.5,-3.5,-4.68585
-11,-3.5,-1.5177
-10.5,-3.5,-5.26335
-10,-3.5,1.8141
-9.5,-3.5,-1.37516
-9,-3.5,-8.51538
-8.5,-3.5,1.23554
-8,-3.5,1.65844
-7.5,-3.5,-3.12558
-7,-3.5,-6.41218
-6.5,-3.5,-14.745
-6,-3.5,-13.0308
-5.5,-3.5,-9.89414
-5,-3.5,-8.75551
-4.5,-3.5,-7.68966
-4,-3.5,-10.1204
-3.5,-3.5,-9.65295
-3,-3.5,-17.9698
-2.5,-3.5,-12.3663
-2,-3.5,-13.7819
-1.5,-3.5,-15.323
-1,-3.5,-16.0963
-0.5,-3.5,-14.2014
0,-3.5,-16.2555
0.5,-3.5,-19.5656
1,-3.5,-13.7704
1.5,-3.5,-16.0317
2,-3.5,-15.7889
2.5,-3.5,-12.6668
3,-3.5,-10.5804
3.5,-3.5,-17.0761
4,-3.5,-13.6111
4.5,-3.5,-13.6313
5,-3.5,-16.3464
5.5,-3.5,-14.8623
6,-3.5,-15.7979
6.5,-3.5,-21.8044
7,-3.5,-18.8645
7.5,-3.5,-14.0623
8,-3.5,-18.2133
8.5,-3.5,-15.9622
9,-3.5,-15.5772
9.5,-3.5,-12.2398
10,-3.5,-16.6134
10.5,-3.5,-19.8433
11,-3.5,-17.0847
11.5,-3.5,-14.7108
12,-3.5,-16.7384
12.5,-3.5,-16.2003
13,-3.5,-20.0161
13.5,-3.5,-18.903
14,-3.5,-21.9548
14.5,-3.5,-15.6945
15,-3.5,-13.7771
-15,-3,6.91767
-14.5,-3,7.04961
-14,-3,1.91407
-13.5,-3,1.28701
-13,-3,-0.354094
-12.5,-3,0.296647
-12,-3,-6.22443
-11.5,-3,-0.877657
-11,-3,-0.530494
-10.5,-3,4.19603
-10,-3,-4.84343
-9.5,-3,2.24853
-9,-3,2.51216
-8.5,-3,-1.38836
-8,-3,-6.35225
-7.5,-3,-9.40715
-7,-3,-6.87976
-6.5,-3,-7.35544
-6,-3,-8.21989
-5.5,-3,-7.8383
-5,-3,-10.0372
-4.5,-3,-7.07829
-4,-3,-11.8098
-3.5,-3,-14.2629
-3,-3,-13.7715
-2.5,-3,-8.10136
-2,-3,-8.94455
-1.5,-3,-17.0113
-1,-3,-13.2338
-0.5,-3,-12.6174
0,-3,-13.6253
0.5,-3,-17.1626
1,-3,-11.3843
1.5,-3,-17.3941
2,-3,-15.843
2.5,-3,-16.7501
3,-3,-13.8731
3.5,-3,-13.8902
4,-3,-16.2977
4.5,-3,-17.5788
5,-3,-15.5072
5.5,-3,-11.0977
6,-3,-21.9961
6.5,-3,-17.0223
7,-3,-15.3458
7.5,-3,-17.2481
8,-3,-16.2489
8.5,-3,-15.0299
9,-3,-17.8741
9.5,-3,-14.5075
10,-3,-14.5652
10.5,-3,-13.1858
11,-3,-12.4315
11.5,-3,-15.774
12,-3,-13.9198
12.5,-3,-20.0998
13,-3,-17.8076
13.5,-3,-20.9996
14,-3,-15.922
14.5,-3,-12.7183
15,-3,-21.5932
-15,-2.5,1.21507
-14.5,-2.5,4.34069
-14,-2.5,4.03284
-13.5,-2.5,0.352385
-13,-2.5,2.06555
-12.5,-2.5,-2.04692
-12,-2.5,-3.81391
-11.5,-2.5,0.55272
-11,-2.5,2.61825
-10.5,-2.5,-0.246718
-10,-2.5,4.80918
-9.5,-2.5,-0.107182
-9,-2.5,-6.63185
-8.5,-2.5,-8.18639
-8,-2.5,-7.29858
-7.5,-2.5,-9.95737
-7,-2.5,-13.3333
-6.5,-2.5,-10.8174
-6,-2.5,-8.37583
-5.5,-2.5,-8.01055
-5,-2.5,-8.22844
-4.5,-2.5,-10.4342
-4,-2.5,-11.5771
-3.5,-2.5,-9.1009
-3,-2.5,-13.8118
-2.5,-2.5,-8.73934
-2,-2.5,-10.9061
-1.5,-2.5,-11.5712
-1,-2.5,-13.7995
-0.5,-2.5,-15.698
0,-2.5,-10.4952
0.5,-2.5,-10.5027
1,-2.5,-11.841
1.5,-2.5,-11.8087
2,-2.5,-12.3789
2.5,-2.5,-12.3441
3,-2.5,-15.0628
3.5,-2.5,-13.3207
4,-2.5,-15.1542
4.5,-2.5,-15.2156
5,-2.5,-10.3406
5.5,-2.5,-17.8227
6,-2.5,-15.3004
6.5,-2.5,-15.2948
7,-2.5,-13.1022
7.5,-2.5,-18.4196
8,-2.5,-13.684
8.5,-2.5,-16.8979
9,-2.5,-21.5476
9.5,-2.5,-19.6821
10,-2.5,-16.2314
10.5,-2.5,-13.4327
11,-2.5,-13.5578
11.5,-2.5,-23.2068
12,-2.5,-16.1199
12.5,-2.5,-19.6319
13,-2.5,-14.106
13.5,-2.5,-12.9518
14,-2.5,-17.7149
14.5,-2.5,-19.5044
15,-2.5,-13.6517
-15,-2,5.04619
-14.5,-2,5.04731
-14,-2,4.04217
-13.5,-2,5.92695
-13,-2,0.441281
-12.5,-2,3.49324
-12,-2,3.00515
-11.5,-2,-0.677766
-11,-2,5.72346
-10.5,-2,1.89938
-10,-2,-3.65854
-9.5,-2,-6.25598
-9,-2,-5.24382
-8.5,-2,-6.67418
-8,-2,-10.9437
-7.5,-2,-13.1442
-7,-2,-13.8793
-6.5,-2,-10.6017
-6,-2,-8.02035
-5.5,-2,-9.24455
-5,-2,-9.14363
-4.5,-2,-15.2142
-4,-2,-14.3617
-3.5,-2,-17.2505
-3,-2,-13.6937
-2.5,-2,-17.6076
-2,-2,-9.18866
-1.5,-2,-15.227
-1,-2,-16.2911
-0.5,-2,-12.527
0,-2,-15.0046
0.5,-2,-15.0494
1,-2,-11.1148
1.5,-2,-10.4771
2,-2,-6.90102
2.5,-2,-16.9876
3,-2,-10.5085
3.5,-2,-15.3373
4,-2,-18.9412
4.5,-2,-16.3526
5,-2,-11.4557
5.5,-2,-15.5842
6,-2,-16.6664
6.5,-2,-16.5002
7,-2,-20.7474
7.5,-2,-14.617
8,-2,-15.4952
8.5,-2,-16.2602
9,-2,-19.0967
9.5,-2,-14.6476
10,-2,-16.5514
10.5,-2,-15.4357
11,-2,-15.6871
11.5,-2,-16.1562
12,-2,-18.2958
12.5,-2,-20.4456
13,-2,-26.1251
13.5,-2,-17.5256
14,-2,-17.5249
14.5,-2,-19.5187
15,-2,-13.9721
-15,-1.5,0.156632
-14.5,-1.5,10.6844
-14,-1.5,9.42193
-13.5,-1.5,9.061
-13,-1.5,7.55395
-12.5,-1.5,7.7273
-12,-1.5,5.28107
-11.5,-1.5,4.53357
-11,-1.5,-3.00776
-10.5,-1.5,-2.82457
-10,-1.5,-4.09227
-9.5,-1.5,-9.45577
-9,-1.5,-16.2201
-8.5,-1.5,-11.7452
-8,-1.5,-13.8872
-7.5,-1.5,-19.9182
-7,-1.5,-10.5772
-6.5,-1.5,-14.1059
-6,-1.5,-20.0551
-5.5,-1.5,-10.4418
-5,-1.5,-8.70373
-4.5,-1.5,-7.23767
-4,-1.5,-11.3664
-3.5,-1.5,-16.1787
-3,-1.5,-13.495
-2.5,-1.5,-12.7118
-2,-1.5,-11.5044
-1.5,-1.5,-9.30511
-1,-1.5,-13.9086
-0.5,-1.5,-9.91798
0,-1.5,-11.2706
0.5,-1.5,-17.3591
1,-1.5,-11.6648
1.5,-1.5,-13.5417
2,-1.5,-14.228
2.5,-1.5,-16.8483
3,-1.5,-12.0277
3.5,-1.5,-17.2619
4,-1.5,-14.2367
4.5,-1.5,-15.2066
5,-1.5,-11.6084
5.5,-1.5,-17.865
6,-1.5,-20.216
6.5,-1.5,-18.3536
7,-1.5,-16.3096
7.5,-1.5,-18.3764
8,-1.5,-17.1039
8.5,-1.5,-16.5409
9,-1.5,-16.5619
9.5,-1.5,-14.9387
10,-1.5,-18.2958
10.5,-1.5,-18.3754
11,-1.5,-15.5881
11.5,-1.5,-14.7407
12,-1.5,-14.0152
12.5,-1.5,-20.1162
13,-1.5,-16.1094
13.5,-1.5,-27.7076
14,-1.5,-15.1753
14.5,-1.5,-22.2195
15,-1.5,-18.0216
-15,-1,13.7741
-14.5,-1,12.7664
-14,-1,11.9348
-13.5,-1,12.6775
-13,-1,8.4529
-12.5,-1,9.40568
-12,-1,3.33189
-11.5,-1,-1.11591
-11,-1,-8.92493
-10.5,-1,-9.56145
-10,-1,-9.98207
-9.5,-1,-8.5989
-9,-1,-16.1953
-8.5,-1,-9.64114
-8,-1,-9.73927
-7.5,-1,-11.4177
-7,-1,-11.1203
-6.5,-1,-14.5218
-6,-1,-10.8995
-5.5,-1,-12.7568
-5,-1,-11.96
-4.5,-1,-13.1538
-4,-1,-12.6734
-3.5,-1,-13.4252
-3,-1,-10.7455
-2.5,-1,-15.772
-2,-1,-17.2053
-1.5,-1,-17.4978
-1,-1,-12.6905
-0.5,-1,-12.7374
0,-1,-15.682
0.5,-1,-13.9253
1,-1,-12.2283
1.5,-1,-10.8287
2,-1,-9.83237
2.5,-1,-17.6373
3,-1,-10.7487
3.5,-1,-13.0295
4,-1,-16.4639
4.5,-1,-14.1122
5,-1,-13.4294
5.5,-1,-17.7237
6,-1,-11.4731
6.5,-1,-15.9649
7,-1,-18.5029
7.5,-1,-19.0728
8,-1,-24.7101
8.5,-1,-18.4402
9,-1,-18.1712
9.5,-1,-22.3445
10,-1,-17.2516
10.5,-1,-16.6781
11,-1,-16.3181
11.5,-1,-17.2613
12,-1,-13.1247
12.5,-1,-17.5418
13,-1,-16.8664
13.5,-1,-15.2913
14,-1,-18.3515
14.5,-1,-16.3205
15,-1,-21.3647
-15,-0.5,18.6872
-14.5,-0.5,16.5547
-14,-0.5,12.2125
-13.5,-0.5,15.6936
-13,-0.5,12.8156
-12.5,-0.5,3.87454
-12,-0.5,-2.23795
-11.5,-0.5,-12.7445
-11,-0.5,-9.71802
-10.5,-0.5,-8.43587
-10,-0.5,-10.9062
-9.5,-0.5,-18.1693
-9,-0.5,-12.2656
-8.5,-0.5,-11.5983
-8,-0.5,-19.2827
-7.5,-0.5,-15.3991
-7,-0.5,-17.0839
-6.5,-0.5,-12.7957
-6,-0.5,-10.9308
-5.5,-0.5,-12.5774
-5,-0.5,-12.4479
-4.5,-0.5,-12.5731
-4,-0.5,-20.1701
-3.5,-0.5,-12.2658
-3,-0.5,-13.6007
-2.5,-0.5,-13.3986
-2,-0.5,-13.478
-1.5,-0.5,-15.5806
-1,-0.5,-15.5657
-0.5,-0.5,-9.61146
0,-0.5,-11.3094
0.5,-0.5,-14.9142
1,-0.5,-10.8445
1.5,-0.5,-11.5475
2,-0.5,-7.09621
2.5,-0.5,-15.853
3,-0.5,-14.456
3.5,-0.5,-12.8371
4,-0.5,-9.99261
4.5,-0.5,-16.8168
5,-0.5,-13.4613
5.5,-0.5,-11.1068
6,-0.5,-20.1409
6.5,-0.5,-15.9848
7,-0.5,-17.4334
7.5,-0.5,-19.3742
8,-0.5,-11.2624
8.5,-0.5,-24.3848
9,-0.5,-14.7653
9.5,-0.5,-18.5331
10,-0.5,-17.04
10.5,-0.5,-19.9998
11,-0.5,-19.4507
11.5,-0.5,-18.2689
12,-0.5,-15.484
12.5,-0.5,-17.0043
13,-0.5,-14.1092
13.5,-0.5,-15.1166
14,-0.5,-20.4104
14.5,-0.5,-13.6028
15,-0.5,-21.7263
-15,0,17.1082
-14.5,0,8.44422
-14,0,40.7665
-13.5,0,10.1509
-13,0,11.3137
-12.5,0,4.98019
-12,0,-2.0878
-11.5,0,-5.81163
-11,0,-5.04993
-10.5,0,-7.73924
-10,0,-7.20944
-9.5,0,-16.9761
-9,0,-13.0182
-8.5,0,-12.814
-8,0,-11.5641
-7.5,0,-18.9547
-7,0,-20.0416
-6.5,0,-20.1745
-6,0,-13.4336
-5.5,0,-9.37647
-5,0,-13.448
-4.5,0,-29.5342
-4,0,-22.1972
-3.5,0,-17.2062
-3,0,-11.7234
-2.5,0,-8.29497
-2,0,-12.6523
-1.5,0,-14.3552
-1,0,-8.3124
-0.5,0,-13.5356
0,0,-14.3347
0.5,0,-11.1503
1,0,-17.2102
1.5,0,-11.7782
2,0,-9.83761
2.5,0,-13.0019
3,0,-6.88506
3.5,0,-16.9099
4,0,-10.9918
4.5,0,-8.78051
5,0,-10.4408
5.5,0,-17.9528
6,0,-12.1199
6.5,0,-16.9453
7,0,-17.1768
7.5,0,-14.2909
8,0,-21.586
8.5,0,-15.4365
9,0,-14.2247
9.5,0,-17.9901
10,0,-21.0523
10.5,0,-17.4665
11,0,-22.3289
11.5,0,-24.9137
12,0,-18.96
12.5,0,-18.0265
13,0,-14.2339
13.5,0,-14.969
14,0,-15.6482
14.5,0,-15.2743
15,0,-15.0745
-15,0.5,13.0653
-14.5,0.5,10.3813
-14,0.5,3.76445
-13.5,0.5,7.96021
-13,0.5,8.81667
-12.5,0.5,2.5607
-12,0.5,0.0186099
-11.5,0.5,-5.58219
-11,0.5,-7.44285
-10.5,0.5,-4.9367
-10,0.5,-6.42666
-9.5,0.5,-14.5367
-9,0.5,-11.8876
-8.5,0.5,-8.47273
-8,0.5,-8.92974
-7.5,0.5,-12.8739
-7,0.5,-12.5942
-6.5,0.5,-13.2976
-6,0.5,-13.9161
-5.5,0.5,-8.74247
-5,0.5,-14.5774
-4.5,0.5,-17.7462
-4,0.5,-13.3875
-3.5,0.5,-7.41598
-3,0.5,-14.2123
-2.5,0.5,-17.1428
-2,0.5,-14.6371
-1.5,0.5,-20.8909
-1,0.5,-14.267
-0.5,0.5,-11.471
0,0.5,-12.769
0.5,0.5,-24.3593
1,0.5,-9.02672
1.5,0.5,-11.011
2,0.5,-8.1537
2.5,0.5,-18.1807
3,0.5,-15.814
3.5,0.5,-15.1021
4,0.5,-8.42093
4.5,0.5,-16.1156
5,0.5,-14.5206
5.5,0.5,-18.0651
6,0.5,-23.5753
6.5,0.5,-12.4545
7,0.5,-16.2864
7.5,0.5,-17.3515
8,0.5,-18.761
8.5,0.5,-18.9385
9,0.5,-18.8899
9.5,0.5,-19.5894
10,0.5,-18.1825
10.5,0.5,-18.6655
11,0.5,-15.901
11.5,0.5,-21.2024
12,0.5,-24.9679
12.5,0.5,-18.368
13,0.5,-15.4584
13.5,0.5,-17.4709
14,0.5,-19.1541
14.5,0.5,-19.1325
15,0.5,-17.8516
-15,1,10.0129
-14.5,1,7.12509
-14,1,5.3348
-13.5,1,3.71418
-13,1,6.68692
-12.5,1,4.51228
-12,1,-4.09259
-11.5,1,-2.81719
-11,1,-3.38286
-10.5,1,-8.03387
-10,1,-8.11621
-9.5,1,-7.74917
-9,1,-9.30663
-8.5,1,-9.45436
-8,1,-16.0283
-7.5,1,-17.1732
-7,1,-11.3251
-6.5,1,-13.6046
-6,1,-20.7361
-5.5,1,-11.9844
-5,1,-13.2531
-4.5,1,-14.5982
-4,1,-11.0824
-3.5,1,-9.36202
-3,1,-9.82615
-2.5,1,-15.9674
-2,1,-14.1144
-1.5,1,-20.9058
-1,1,-13.9984
-0.5,1,-13.7438
0,1,-11.3437
0.5,1,-13.5773
1,1,-11.1975
1.5,1,-10.2088
2,1,-6.90026
2.5,1,-11.4722
3,1,-9.56239
3.5,1,-11.277
4,1,-13.4747
4.5,1,-6.72984
5,1,-17.0155
5.5,1,-12.2443
6,1,-19.8457
6.5,1,-19.8244
7,1,-17.3382
7.5,1,-18.6361
8,1,-19.003
8.5,1,-14.2814
9,1,-19.3037
9.5,1,-14.5372
10,1,-19.395
10.5,1,-17.3986
11,1,-27.5262
11.5,1,-21.3037
12,1,-14.475
12.5,1,-19.3089
13,1,-16.1685
13.5,1,-20.7528
14,1,-16.7037
14.5,1,-15.1951
15,1,-18.5696
-15,1.5,5.15921
-14.5,1.5,3.69657
-14,1.5,2.20427
-13.5,1.5,0.281483
-13,1.5,6.33091
-12.5,1.5,1.09671
-12,1.5,-8.57384
-11.5,1.5,-3.44522
-11,1.5,-5.76879
-10.5,1.5,-5.153
-10,1.5,-17.9294
-9.5,1.5,-10.4065
-9,1.5,-11.3077
-8.5,1.5,-12.4572
-8,1.5,-12.8137
-7.5,1.5,-13.2936
-7,1.5,-11.0574
-6.5,1.5,-16.0963
-6,1.5,-10.8745
-5.5,1.5,-14.5389
-5,1.5,-15.6369
-4.5,1.5,-9.27831
-4,1.5,-12.1756
-3.5,1.5,-11.7689
-3,1.5,-8.17092
-2.5,1.5,-7.87768
-2,1.5,-23.8378
-1.5,1.5,-9.16174
-1,1.5,-15.5331
-0.5,1.5,-14.2761
0,1.5,-10.1563
0.5,1.5,-11.7238
1,1.5,-11.4479
1.5,1.5,-11.6528
2,1.5,-10.3199
2.5,1.5,-10.9681
3,1.5,-13.3665
3.5,1.5,-15.2907
4,1.5,-18.0147
4.5,1.5,-13.8136
5,1.5,-24.4666
5.5,1.5,-14.0751
6,1.5,-16.1232
6.5,1.5,-22.1596
7,1.5,-19.9447
7.5,1.5,-18.4098
8,1.5,-21.5397
8.5,1.5,-22.6085
9,1.5,-21.5347
9.5,1.5,-20.0003
10,1.5,-16.2253
10.5,1.5,-16.646
11,1.5,-14.2515
11.5,1.5,-18.221
12,1.5,-22.2
12.5,1.5,-17.9014
13,1.5,-19.4636
13.5,1.5,-18.9675
14,1.5,-18.7916
14.5,1.5,-16.6765
15,1.5,-12.6481
-15,2,-0.619553
-14.5,2,-0.131619
-14,2,-0.960859
-13.5,2,-3.7707
-13,2,0.213083
-12.5,2,-6.80346
-12,2,-3.56743
-11.5,2,-1.78073
-11,2,-13.841
-10.5,2,-10.7203
-10,2,-10.4611
-9.5,2,-7.24817
-9,2,-9.35846
-8.5,2,-11.1076
-8,2,-10.7946
-7.5,2,-9.75423
-7,2,-11.4476
-6.5,2,-9.26853
-6,2,-13.0424
-5.5,2,-12.6257
-5,2,-13.4946
-4.5,2,-13.87
-4,2,-12.4183
-3.5,2,-14.4778
-3,2,-9.77222
-2.5,2,-12.8549
-2,2,-13.8555
-1.5,2,-10.3037
-1,2,-15.3716
-0.5,2,-15.2964
0,2,-6.92885
0.5,2,-20.8372
1,2,-13.0045
1.5,2,-14.2348
2,2,-20.1935
2.5,2,-13.8392
3,2,-10.9002
3.5,2,-13.4652
4,2,-8.70561
4.5,2,-12.5864
5,2,-12.0675
5.5,2,-16.7282
6,2,-17.0079
6.5,2,-14.9404
7,2,-14.4165
7.5,2,-18.1826
8,2,-22.494
8.5,2,-16.6581
9,2,-19.774
9.5,2,-20.6607
10,2,-24.733
10.5,2,-20.2398
11,2,-17.5111
11.5,2,-19.1952
12,2,-19.5865
12.5,2,-22.0576
13,2,-25.4615
13.5,2,-19.9743
14,2,-17.6475
14.5,2,-17.8315
15,2,-17.6204
-15,2.5,-0.515037
-14.5,2.5,-5.17644
-14,2.5,-2.27135
-13.5,2.5,-9.0191
-13,2.5,-0.590905
-12.5,2.5,-6.91244
-12,2.5,-5.23534
-11.5,2.5,-11.1431
-11,2.5,-13.8065
-10.5,2.5,-9.54726
-10,2.5,-12.293
-9.5,2.5,-15.823
-9,2.5,-14.5244
-8.5,2.5,-7.62552
-8,2.5,-8.63862
-7.5,2.5,-14.835
-7,2.5,-13.6801
-6.5,2.5,-12.9581
-6,2.5,-11.1668
-5.5,2.5,-10.5191
-5,2.5,-7.35175
-4.5,2.5,-11.2029
-4,2.5,-13.6465
-3.5,2.5,-17.1172
-3,2.5,-16.6522
-2.5,2.5,-13.9326
-2,2.5,-20.2886
-1.5,2.5,-12.9168
-1,2.5,-12.944
-0.5,2.5,-12.3733
0,2.5,-19.1801
0.5,2.5,-14.9259
1,2.5,-10.1028
1.5,2.5,-13.4192
2,2.5,-12.6164
2.5,2.5,-11.2347
3,2.5,-21.7566
3.5,2.5,-11.2252
4,2.5,-12.3426
4.5,2.5,-12.0754
5,2.5,-14.5007
5.5,2.5,-11.2725
6,2.5,-18.2858
6.5,2.5,-20.6974
7,2.5,-23.6332
7.5,2.5,-17.2586
8,2.5,-22.062
8.5,2.5,-19.3294
9,2.5,-14.3035
9.5,2.5,-16.7723
10,2.5,-22.5499
10.5,2.5,-18.7323
11,2.5,-17.13
11.5,2.5,-20.8903
12,2.5,-22.2458
12.5,2.5,-19.2443
13,2.5,-19.262
13.5,2.5,-16.9
14,2.5,-19.7221
14.5,2.5,-18.8981
15,2.5,-17.0837
-15,3,-3.73328
-14.5,3,-5.98849
-14,3,-7.73452
-13.5,3,-12.0343
-13,3,-6.9542
-12.5,3,-5.00938
-12,3,-8.09158
-11.5,3,-5.59583
-11,3,-12.2251
-10.5,3,-8.5028
-10,3,-13.7112
-9.5,3,-21.0032
-9,3,-11.9977
-8.5,3,-23.5234
-8,3,-17.4458
-7.5,3,-10.2319
-7,3,-16.9337
-6.5,3,-13.0864
-6,3,-16.5293
-5.5,3,-13.5443
-5,3,-15.219
-4.5,3,-10.3037
-4,3,-7.61159
-3.5,3,-10.5471
-3,3,-10.9245
-2.5,3,-11.7356
-2,3,-12.7819
-1.5,3,-16.1916
-1,3,-11.7168
-0.5,3,-11.2386
0,3,-15.9846
0.5,3,-22.01
1,3,-11.2249
1.5,3,-8.24149
2,3,-11.1543
2.5,3,-13.1017
3,3,-17.2048
3.5,3,-16.4719
4,3,-16.9233
4.5,3,-18.8404
5,3,-23.5557
5.5,3,-12.585
6,3,-17.192
6.5,3,-17.4465
7,3,-21.3072
7.5,3,-21.4462
8,3,-15.6641
8.5,3,-19.198
9,3,-16.9969
9.5,3,-22.11
10,3,-17.8055
10.5,3,-19.7792
11,3,-20.3489
11.5,3,-19.0152
12,3,-16.3649
12.5,3,-21.6751
13,3,-16.7311
13.5,3,-16.9439
14,3,-17.3952
14.5,3,-22.6652
15,3,-18.7849
-15,3.5,-2.44132
-14.5,3.5,-4.49775
-14,3.5,-6.44817
-13.5,3.5,-12.239
-13,3.5,-10.0239
-12.5,3.5,-3.964
-12,3.5,-9.31477
-11.5,3.5,-4.90133
-11,3.5,-12.3133
-10.5,3.5,-14.455
-10,3.5,-12.4643
-9.5,3.5,-15.9406
-9,3.5,-11.0345
-8.5,3.5,-13.6921
-8,3.5,-12.5236
-7.5,3.5,-14.9335
-7,3.5,-14.9528
-6.5,3.5,-12.6749
-6,3.5,-11.5275
-5.5,3.5,-14.6036
-5,3.5,-12.6874
-4.5,3.5,-10.4002
-4,3.5,-12.5744
-3.5,3.5,-14.9959
-3,3.5,-12.3114
-2.5,3.5,-12.3044
-2,3.5,-9.84502
-1.5,3.5,-11.2756
-1,3.5,-11.8852
-0.5,3.5,-11.3829
0,3.5,-14.8164
0.5,3.5,-16.6795
1,3.5,-15.2717
1.5,3.5,-12.0097
2,3.5,-15.0342
2.5,3.5,-17.1112
3,3.5,-23.0888
3.5,3.5,-15.8658
4,3.5,-16.5885
4.5,3.5,-13.3203
5,3.5,-12.5591
5.5,3.5,-19.5814
6,3.5,-13.973
6.5,3.5,-20.7197
7,3.5,-18.4291
7.5,3.5,-20.2752
8,3.5,-27.7316
8.5,3.5,-17.5635
9,3.5,-18.432
9.5,3.5,-18.5294
10,3.5,-18.8528
10.5,3.5,-18.7765
11,3.5,-21.6631
11.5,3.5,-16.7389
12,3.5,-18.9149
12.5,3.5,-17.5104
13,3.5,-20.5575
13.5,3.5,-15.4771
14,3.5,-20.0861
14.5,3.5,-17.8478
15,3.5,-22.709
-15,4,-3.83848
-14.5,4,-3.45783
-14,4,-7.1177
-13.5,4,-9.52475
-13,4,-6.14442
-12.5,4,-6.10366
-12,4,-13.6974
-11.5,4,-7.25086
-11,4,-12.9195
-10.5,4,-16.4152
-10,4,-17.1514
-9.5,4,-15.8952
-9,4,-9.93471
-8.5,4,-16.2634
-8,4,-16.7448
-7.5,4,-11.0408
-7,4,-14.0912
-6.5,4,-13.1911
-6,4,-14.368
-5.5,4,-13.7686
-5,4,-18.0872
-4.5,4,-11.658
-4,4,-14.7016
-3.5,4,-12.7663
-3,4,-13.1107
-2.5,4,-12.8319
-2,4,-12.208
-1.5,4,-14.0561
-1,4,-11.6846
-0.5,4,-13.9998
0,4,-10.8932
0.5,4,-11.895
1,4,-10.9468
1.5,4,-15.7166
2,4,-12.1314
2.5,4,-14.1124
3,4,-18.0673
3.5,4,-17.3195
4,4,-20.1361
4.5,4,-21.5895
5,4,-18.7366
5.5,4,-17.2596
6,4,-14.1011
6.5,4,-24.0818
7,4,-17.4893
7.5,4,-25.7211
8,4,-24.8579
8.5,4,-20.2557
9,4,-22.5963
9.5,4,-16.8178
10,4,-22.4671
10.5,4,-23.4105
11,4,-23.5863
11.5,4,-24.7035
12,4,-21.6323
12.5,4,-20.7739
13,4,-19.3671
13.5,4,-17.9026
14,4,-24.207
14.5,4,-22.6304
15,4,-20.9685
-15,4.5,-5.64492
-14.5,4.5,-6.75051
-14,4.5,-7.61577
-13.5,4.5,-7.191
-13,4.5,-5.66284
-12.5,4.5,-4.31257
-12,4.5,-9.8848
-11.5,4.5,-12.559
-11,4.5,-12.2488
-10.5,4.5,-11.1471
-10,4.5,-12.6125
-9.5,4.5,-17.2473
-9,4.5,-17.4368
-8.5,4.5,-9.75281
-8,4.5,-15.3211
-7.5,4.5,-13.6968
-7,4.5,-10.6727
-6.5,4.5,-18.7602
-6,4.5,-14.9408
-5.5,4.5,-10.5001
-5,4.5,-13.9579
-4.5,4.5,-15.1918
-4,4.5,-15.3836
-3.5,4.5,-14.4662
-3,4.5,-12.4952
-2.5,4.5,-13.5894
-2,4.5,-12.9958
-1.5,4.5,-14.4998
-1,4.5,-17.0722
-0.5,4.5,-10.3356
0,4.5,-12.4212
0.5,4.5,-15.6977
1,4.5,-13.1088
1.5,4.5,-10.9756
2,4.5,-10.0823
2.5,4.5,-15.2996
3,4.5,-12.6737
3.5,4.5,-19.8857
4,4.5,-17.674
4.5,4.5,-14.8777
5,4.5,-18.0001
5.5,4.5,-12.5229
6,4.5,-21.2631
6.5,4.5,-19.538
7,4.5,-22.4858
7.5,4.5,-18.9275
8,4.5,-19.2437
8.5,4.5,-20.4558
9,4.5,-18.6369
9.5,4.5,-16.377
10,4.5,-18.4559
10.5,4.5,-17.4686
11,4.5,-23.9842
11.5,4.5,-23.074
12,4.5,-23.3469
12.5,4.5,-26.7161
13,4.5,-21.4738
13.5,4.5,-19.9315
14,4.5,-20.455
14.5,4.5,-23.3448
15,4.5,-17.1555
-15,5,-7.62109
-14.5,5,-6.89287
-14,5,-5.255
-13.5,5,-5.05276
-13,5,-9.76795
-12.5,5,-10.2201
-12,5,-7.00693
-11.5,5,-14.3584
-11,5,-11.2516
-10.5,5,-10.2073
-10,5,-11.8777
-9.5,5,-15.1037
-9,5,-16.4706
-8.5,5,-18.1383
-8,5,-9.22993
-7.5,5,-17.9037
-7,5,-20.1535
-6.5,5,-14.9429
-6,5,-17.5288
-5.5,5,-19.1532
-5,5,-12.21
-4.5,5,-11.7384
-4,5,-15.1817
-3.5,5,-9.57586
-3,5,-15.8742
-2.5,5,-19.7374
-2,5,-16.8302
-1.5,5,-16.7503
-1,5,-15.4924
-0.5,5,-15.9472
0,5,-20.8511
0.5,5,-13.8588
1,5,-19.2295
1.5,5,-13.8601
2,5,-11.9314
2.5,5,-14.1157
3,5,-12.4841
3.5,5,-12.3394
4,5,-15.8541
4.5,5,-15.4036
5,5,-13.6895
5.5,5,-21.7082
6,5,-15.2961
6.5,5,-18.2142
7,5,-15.6622
7.5,5,-24.3534
8,5,-23.1337
8.5,5,-20.1737
9,5,-17.5004
9.5,5,-21.7121
10,5,-22.812
10.5,5,-20.6772
11,5,-17.597
11.5,5,-21.1222
12,5,-19.5962
12.5,5,-22.1172
13,5,-16.4764
13.5,5,-22.0834
14,5,-19.3521
14.5,5,-18.3064
15,5,-20.6049
-15,5.5,-6.49313
-14.5,5.5,-6.72116
-14,5.5,-18.3756
-13.5,5.5,-6.64947
-13,5.5,-10.4393
-12.5,5.5,-8.18036
-12,5.5,-6.56945
-11.5,5.5,-6.14912
-11,5.5,-13.6905
-10.5,5.5,-8.13202
-10,5.5,-12.8897
-9.5,5.5,-12.6637
-9,5.5,-15.8249
-8.5,5.5,-17.4404
-8,5.5,-16.8759
-7.5,5.5,-14.9097
-7,5.5,-15.5385
-6.5,5.5,-16.7933
-6,5.5,-14.1037
-5.5,5.5,-11.959
-5,5.5,-12.5039
-4.5,5.5,-14.8935
-4,5.5,-15.0961
-3.5,5.5,-11.3907
-3,5.5,-14.2545
-2.5,5.5,-15.2033
-2,5.5,-12.6052
-1.5,5.5,-11.9122
-1,5.5,-14.1622
-0.5,5.5,-21.7876
0,5.5,-18.8868
0.5,5.5,-11.8322
1,5.5,-13.9194
1.5,5.5,-18.7031
2,5.5,-15.0392
2.5,5.5,-16.7788
3,5.5,-15.6841
3.5,5.5,-14.8396
4,5.5,-12.311
4.5,5.5,-11.6683
5,5.5,-16.1945
5.5,5.5,-11.1631
6,5.5,-20.6993
6.5,5.5,-16.6409
7,5.5,-20.709
7.5,5.5,-12.4582
8,5.5,-21.5702
8.5,5.5,-18.9138
9,5.5,-20.1463
9.5,5.5,-18.5406
10,5.5,-19.1781
10.5,5.5,-22.3049
11,5.5,-27.6354
11.5,5.5,-23.9157
12,5.5,-21.2021
12.5,5.5,-19.9037
13,5.5,-21.3282
13.5,5.5,-20.1073
14,5.5,-24.0498
14.5,5.5,-23.442
15,5.5,-23.4333
-15,6,-4.65613
-14.5,6,-6.01758
-14,6,-14.7878
-13.5,6,-7.75219
-13,6,-14.4336
-12.5,6,-14.1927
-12,6,-16.5514
-11.5,6,-10.2433
-11,6,-13.2606
-10.5,6,-14.6699
-10,6,-16.3954
-9.5,6,-15.2771
-9,6,-14.5569
-8.5,6,-20.3412
-8,6,-14.7889
-7.5,6,-23.6699
-7,6,-15.3272
-6.5,6,-16.5625
-6,6,-17.4061
-5.5,6,-21.1297
-5,6,-17.7047
-4.5,6,-14.848
-4,6,-15.7963
-3.5,6,-14.1818
-3,6,-9.78356
-2.5,6,-18.6354
-2,6,-17.0469
-1.5,6,-17.9604
-1,6,-16.5773
-0.5,6,-22.2822
0,6,-23.202
0.5,6,-13.6781
1,6,-18.8002
1.5,6,-21.4723
2,6,-20.7517
2.5,6,-14.5135
3,6,-17.7939
3.5,6,-13.9978
4,6,-16.178
4.5,6,-19.6298
5,6,-17.7828
5.5,6,-19.0927
6,6,-14.5005
6.5,6,-19.7674
7,6,-17.4473
7.5,6,-21.8605
8,6,-17.3651
8.5,6,-19.6446
9,6,-22.9576
9.5,6,-23.0065
10,6,-24.2405
10.5,6,-19.7406
11,6,-17.4758
11.5,6,-19.976
12,6,-21.0699
12.5,6,-23.6757
13,6,-26.6554
13.5,6,-25.1776
14,6,-26.479
14.5,6,-23.5814
15,6,-18.4215
-15,6.5,-4.06412
-14.5,6.5,-7.10833
-14,6.5,-12.2183
-13.5,6.5,-13.2364
-13,6.5,-12.8476
-12.5,6.5,-12.4131
-12,6.5,-18.4679
-11.5,6.5,-8.74299
-11,6.5,-8.205
-10.5,6.5,-11.1154
-10,6.5,-11.0828
-9.5,6.5,-20.714
-9,6.5,-13.0366
-8.5,6.5,-15.5206
-8,6.5,-20.32
-7.5,6.5,-18.5205
-7,6.5,-19.8709
-6.5,6.5,-16.3456
-6,6.5,-19.2294
-5.5,6.5,-18.0766
-5,6.5,-20.4288
-4.5,6.5,-15.3338
-4,6.5,-17.8664
-3.5,6.5,-12.9632
-3,6.5,-18.1794
-2.5,6.5,-15.5229
-2,6.5,-14.6286
-1.5,6.5,-15.9045
-1,6.5,-17.5241
-0.5,6.5,-18.4904
0,6.5,-19.1055
0.5,6.5,-20.0946
1,6.5,-18.9317
1.5,6.5,-15.5596
2,6.5,-18.1459
2.5,6.5,-21.1373
3,6.5,-12.4062
3.5,6.5,-21.5631
4,6.5,-22.9731
4.5,6.5,-22.2282
5,6.5,-16.5208
5.5,6.5,-20.7855
6,6.5,-18.3247
6.5,6.5,-17.2875
7,6.5,-12.9354
7.5,6.5,-17.2791
8,6.5,-13.247
8.5,6.5,-14.5391
9,6.5,-15.5281
9.5,6.5,-19.2872
10,6.5,-20.2985
10.5,6.5,-23.8251
11,6.5,-27.973
11.5,6.5,-17.5873
12,6.5,-21.1815
12.5,6.5,-22.4768
13,6.5,-22.4669
13.5,6.5,-25.7339
14,6.5,-22.4776
14.5,6.5,-25.1622
15,6.5,-23.8429
-15,7,-9.21389
-14.5,7,-6.95751
-14,7,-8.96452
-13.5,7,-8.11382
-13,7,-10.5712
-12.5,7,-13.4403
-12,7,-12.9629
-11.5,7,-16.6361
-11,7,-8.65314
-10.5,7,-10.8138
-10,7,-16.3601
-9.5,7,-14.9093
-9,7,-18.5484
-8.5,7,-16.3556
-8,7,-16.6143
-7.5,7,-14.1646
-7,7,-15.6265
-6.5,7,-14.8307
-6,7,-18.1598
-5.5,7,-15.0614
-5,7,-17.9024
-4.5,7,-16.9183
-4,7,-19.624
-3.5,7,-16.6903
-3,7,-14.9296
-2.5,7,-15.2231
-2,7,-15.8295
-1.5,7,-13.6216
-1,7,-14.934
-0.5,7,-14.0923
0,7,-18.7498
0.5,7,-14.9986
1,7,-15.7505
1.5,7,-17.7121
2,7,-18.8053
2.5,7,-14.0378
3,7,-15.1803
3.5,7,-16.0974
4,7,-19.7052
4.5,7,-20.7377
5,7,-14.5353
5.5,7,-14.587
6,7,-15.632
6.5,7,-19.4547
7,7,-22.0028
7.5,7,-18.3886
8,7,-15.5617
8.5,7,-16.1942
9,7,-14.864
9.5,7,-22.2097
10,7,-18.4579
10.5,7,-17.4221
11,7,-20.9434
11.5,7,-26.0914
12,7,-24.7814
12.5,7,-17.9664
13,7,-22.9319
13.5,7,-21.5856
14,7,-25.8331
14.5,7,-20.9754
15,7,-27.9757
-15,7.5,-15.237
-14.5,7.5,-7.44657
-14,7.5,-16.2925
-13.5,7.5,-14.378
-13,7.5,-12.7898
-12.5,7.5,-10.7135
-12,7.5,-18.7881
-11.5,7.5,-20.5394
-11,7.5,-10.1602
-10.5,7.5,-18.8711
-10,7.5,-12.9725
-9.5,7.5,-18.9279
-9,7.5,-13.2885
-8.5,7.5,-17.7573
-8,7.5,-16.2931
-7.5,7.5,-14.2106
-7,7.5,-19.8664
-6.5,7.5,-16.0821
-6,7.5,-16.1017
-5.5,7.5,-15.8821
-5,7.5,-12.7143
-4.5,7.5,-19.9776
-4,7.5,-15.021
-3.5,7.5,-17.024
-3,7.5,-13.3525
-2.5,7.5,-12.9176
-2,7.5,-17.6741
-1.5,7.5,-13.3378
-1,7.5,-14.1104
-0.5,7.5,-10.3123
0,7.5,-13.6452
0.5,7.5,-19.1389
1,7.5,-17.779
1.5,7.5,-18.3254
2,7.5,-16.8084
2.5,7.5,-11.8243
3,7.5,-15.96
3.5,7.5,-11.0469
4,7.5,-17.6854
4.5,7.5,-22.1028
5,7.5,-14.5586
5.5,7.5,-12.9912
6,7.5,-20.8454
6.5,7.5,-18.9451
7,7.5,-19.0542
7.5,7.5,-19.8475
8,7.5,-16.9339
8.5,7.5,-13.0717
9,7.5,-18.6086
9.5,7.5,-15.8707
10,7.5,-22.1416
10.5,7.5,-20.3471
11,7.5,-17.4348
11.5,7.5,-19.9236
12,7.5,-19.1939
12.5,7.5,-22.8618
13,7.5,-26.509
13.5,7.5,-16.6653
14,7.5,-21.2409
14.5,7.5,-19.1497
15,7.5,-18.6826
-15,8,-8.45183
-14.5,8,-9.86451
-14,8,-8.44797
-13.5,8,-10.4052
-13,8,-14.312
-12.5,8,-14.7771
-12,8,-16.4414
-11.5,8,-13.1683
-11,8,-18.9252
-10.5,8,-7.91017
-10,8,-10.8258
-9.5,8,-19.1192
-9,8,-14.932
-8.5,8,-17.1863
-8,8,-19.4021
-7.5,8,-20.1332
-7,8,-16.1233
-6.5,8,-22.4169
-6,8,-23.03
-5.5,8,-17.5417
-5,8,-15.5692
-4.5,8,-15.2645
-4,8,-21.2833
-3.5,8,-14.0025
-3,8,-15.1434
-2.5,8,-17.501
-2,8,-12.317
-1.5,8,-13.458
-1,8,-14.9101
-0.5,8,-18.4985
0,8,-19.8995
0.5,8,-21.9612
1,8,-18.7403
1.5,8,-15.7874
2,8,-21.4041
2.5,8,-14.8065
3,8,-14.7632
3.5,8,-15.3744
4,8,-17.2913
4.5,8,-20.981
5,8,-16.9217
5.5,8,-19.7629
6,8,-21.888
6.5,8,-15.5675
7,8,-17.0455
7.5,8,-19.0213
8,8,-20.7903
8.5,8,-18.1201
9,8,-20.4848
9.5,8,-17.8492
10,8,-16.2664
10.5,8,-16.5338
11,8,-18.9842
11.5,8,-15.6785
12,8,-19.4161
12.5,8,-18.2327
13,8,-19.3642
13.5,8,-24.2084
14,8,-19.2041
14.5,8,-17.0764
15,8,-19.6261
-15,8.5,-10.5141
-14.5,8.5,-12.6173
-14,8.5,-11.5879
-13.5,8.5,-16.0872
-13,8.5,-17.5879
-12.5,8.5,-14.9436
-12,8.5,-21.7605
-11.5,8.5,-18.2731
-11,8.5,-18.3404
-10.5,8.5,-11.4965
-10,8.5,-12.9173
-9.5,8.5,-12.5574
-9,8.5,-15.2396
-8.5,8.5,-14.7765
-8,8.5,-19.2527
-7.5,8.5,-23.0009
-7,8.5,-20.0744
-6.5,8.5,-18.9884
-6,8.5,-14.7144
-5.5,8.5,-21.0937
-5,8.5,-19.8668
-4.5,8.5,-14.9007
-4,8.5,-18.7318
-3.5,8.5,-21.3414
-3,8.5,-18.2372
-2.5,8.5,-14.4916
-2,8.5,-18.6201
-1.5,8.5,-18.5518
-1,8.5,-17.3471
-0.5,8.5,-17.7749
0,8.5,-14.5174
0.5,8.5,-15.9782
1,8.5,-15.3897
1.5,8.5,-19.7427
2,8.5,-17.6439
2.5,8.5,-16.8906
3,8.5,-14.7101
3.5,8.5,-15.3827
4,8.5,-13.3638
4.5,8.5,-17.9466
5,8.5,-21.0453
5.5,8.5,-22.9961
6,8.5,-16.1247
6.5,8.5,-17.9919
7,8.5,-19.2601
7.5,8.5,-15.4083
8,8.5,-18.6558
8.5,8.5,-25.0622
9,8.5,-23.1092
9.5,8.5,-18.8129
10,8.5,-16.2822
10.5,8.5,-19.5303
11,8.5,-17.0775
11.5,8.5,-17.7414
12,8.5,-17.2307
12.5,8.5,-18.6617
13,8.5,-22.2462
13.5,8.5,-19.5217
14,8.5,-19.7945
14.5,8.5,-18.5206
15,8.5,-21.2111
-15,9,-18.2612
-14.5,9,-10.1602
-14,9,-13.2891
-13.5,9,-11.477
-13,9,-20.482
-12.5,9,-18.3509
-12,9,-20.1928
-11.5,9,-15.6705
-11,9,-17.5971
-10.5,9,-14.2522
-10,9,-13.2512
-9.5,9,-14.4648
-9,9,-17.5251
-8.5,9,-19.5603
-8,9,-19.8494
-7.5,9,-14.6899
-7,9,-20.0048
-6.5,9,-18.6478
-6,9,-20.4008
-5.5,9,-17.7669
-5,9,-18.4563
-4.5,9,-16.4258
-4,9,-18.2061
-3.5,9,-17.4871
-3,9,-15.8361
-2.5,9,-24.4574
-2,9,-16.9651
-1.5,9,-14.2532
-1,9,-16.5462
-0.5,9,-14.9336
0,9,-20.4889
0.5,9,-14.4201
1,9,-15.5441
1.5,9,-17.0139
2,9,-21.4857
2.5,9,-18.7767
3,9,-16.9304
3.5,9,-14.0917
4,9,-23.1397
4.5,9,-13.1321
5,9,-17.201
5.5,9,-19.0822
6,9,-19.2469
6.5,9,-14.5097
7,9,-20.1203
7.5,9,-17.7651
8,9,-17.3488
8.5,9,-18.1422
9,9,-20.2037
9.5,9,-22.3322
10,9,-16.9854
10.5,9,-22.8
11,9,-23.642
11.5,9,-21.494
12,9,-22.8013
12.5,9,-17.5007
13,9,-16.8251
13.5,9,-16.5883
14,9,-20.6972
14.5,9,-19.1063
15,9,-18.2715
-15,9.5,-11.7029
-14.5,9.5,-17.4871
-14,9.5,-11.8555
-13.5,9.5,-16.4269
-13,9.5,-14.8446
-12.5,9.5,-19.7982
-12,9.5,-11.7647
-11.5,9.5,-23.8827
-11,9.5,-13.5865
-10.5,9.5,-16.1269
-10,9.5,-15.4971
-9.5,9.5,-16.8414
-9,9.5,-14.2811
-8.5,9.5,-13.9689
-8,9.5,-16.7167
-7.5,9.5,-18.9026
-7,9.5,-21.9777
-6.5,9.5,-21.0455
-6,9.5,-16.9631
-5.5,9.5,-16.4938
-5,9.5,-16.8777
-4.5,9.5,-20.5191
-4,9.5,-17.7861
-3.5,9.5,-20.8109
-3,9.5,-18.7669
-2.5,9.5,-15.5895
-2,9.5,-20.1953
-1.5,9.5,-20.4191
-1,9.5,-18.2883
-0.5,9.5,-18.9704
0,9.5,-20.3126
0.5,9.5,-19.2584
1,9.5,-21.6242
1.5,9.5,-12.9446
2,9.5,-13.6389
2.5,9.5,-22.9297
3,9.5,-19.5528
3.5,9.5,-14.4335
4,9.5,-12.5505
4.5,9.5,-15.2118
5,9.5,-19.0202
5.5,9.5,-17.9329
6,9.5,-23.2639
6.5,9.5,-12.7479
7,9.5,-17.7975
7.5,9.5,-17.2809
8,9.5,-21.9999
8.5,9.5,-17.3868
9,9.5,-18.2333
9.5,9.5,-23.5256
10,9.5,-23.5342
10.5,9.5,-23.0408
11,9.5,-18.64
11.5,9.5,-18.519
12,9.5,-18.4005
12.5,9.5,-24.5419
13,9.5,-19.2795
13.5,9.5,-19.4929
14,9.5,-18.5197
14.5,9.5,-23.3817
15,9.5,-17.9284
-15,10,-16.0856
-14.5,10,-7.99537
-14,10,-16.2551
-13.5,10,-13.233
-13,10,-18.458
-12.5,10,-14.6465
-12,10,-18.4797
-11.5,10,-18.6203
-11,10,-23.1334
-10.5,10,-16.8216
-10,10,-14.7719
-9.5,10,-14.6278
-9,10,-14.4428
-8.5,10,-20.05
-8,10,-17.8477
-7.5,10,-13.0778
-7,10,-14.3915
-6.5,10,-22.619
-6,10,-19.0145
-5.5,10,-26.4878
-5,10,-15.3583
-4.5,10,-16.2212
-4,10,-23.0034
-3.5,10,-22.5386
-3,10,-30.9141
-2.5,10,-17.1339
-2,10,-17.4499
-1.5,10,-16.7567
-1,10,-14.364
-0.5,10,-14.5514
0,10,-20.7699
0.5,10,-16.9792
1,10,-17.7758
1.5,10,-20.264
2,10,-17.7071
2.5,10,-19.2208
3,10,-14.7283
3.5,10,-15.9765
4,10,-14.732
4.5,10,-16.294
5,10,-17.4569
5.5,10,-16.1518
6,10,-18.3832
6.5,10,-19.3229
7,10,-14.9589
7.5,10,-19.0362
8,10,-22.0521
8.5,10,-18.5985
9,10,-16.9843
9.5,10,-21.5786
10,10,-21.4475
10.5,10,-20.8157
11,10,-20.4959
11.5,10,-20.2209
12,10,-23.2798
12.5,10,-18.7484
13,10,-17.4991
13.5,10,-23.3037
14,10,-22.4429
14.5,10,-21.7463
15,10,-18.3787
-15,10.5,-11.997
-14.5,10.5,-13.8505
-14,10.5,-9.34271
-13.5,10.5,-14.3166
-13,10.5,-15.2972
-12.5,10.5,-20.9703
-12,10.5,-23.5648
-11.5,10.5,-20.8619
-11,10.5,-14.7012
-10.5,10.5,-16.2244
-10,10.5,-14.3326
-9.5,10.5,-14.4722
-9,10.5,-14.5124
-8.5,10.5,-21.3193
-8,10.5,-14.5188
-7.5,10.5,-15.3302
-7,10.5,-17.495
-6.5,10.5,-19.7675
-6,10.5,-18.2185
-5.5,10.5,-19.4496
-5,10.5,-23.1834
-4.5,10.5,-17.657
-4,10.5,-15.2254
-3.5,10.5,-17.2081
-3,10.5,-16.4243
-2.5,10.5,-17.3885
-2,10.5,-16.5623
-1.5,10.5,-19.6434
-1,10.5,-21.2312
-0.5,10.5,-21.1534
0,10.5,-17.1563
0.5,10.5,-18.4523
1,10.5,-19.9435
1.5,10.5,-17.8475
2,10.5,-16.0651
2.5,10.5,-20.9044
3,10.5,-16.5915
3.5,10.5,-12.2378
4,10.5,-20.6797
4.5,10.5,-17.5787
5,10.5,-16.0461
5.5,10.5,-19.5323
6,10.5,-20.1737
6.5,10.5,-17.1214
7,10.5,-19.7398
7.5,10.5,-16.0114
8,10.5,-20.5665
8.5,10.5,-21.9985
9,10.5,-17.5871
9.5,10.5,-15.7806
10,10.5,-16.0085
10.5,10.5,-28.5973
11,10.5,-23.1494
11.5,10.5,-21.51
12,10.5,-20.6873
12.5,10.5,-22.1232
13,10.5,-23.4497
13.5,10.5,-19.928
14,10.5,-19.9525
14.5,10.5,-20.4601
15,10.5,-22.3448
-15,11,-16.0595
-14.5,11,-7.82509
-14,11,-12.9095
-13.5,11,-10.5532
-13,11,-15.4206
-12.5,11,-14.0239
-12,11,-15.9994
-11.5,11,-13.938
-11,11,-20.4713
-10.5,11,-21.1083
-10,11,-17.0464
-9.5,11,-13.7586
-9,11,-15.9668
-8.5,11,-14.183
-8,11,-23.9963
-7.5,11,-16.102
-7,11,-19.7695
-6.5,11,-21.775
-6,11,-21.9815
-5.5,11,-17.4321
-5,11,-18.6466
-4.5,11,-19.4799
-4,11,-16.1088
-3.5,11,-22.213
-3,11,-16.1327
-2.5,11,-19.2977
-2,11,-17.9247
-1.5,11,-21.2854
-1,11,-22.2007
-0.5,11,-24.6053
0,11,-19.4369
0.5,11,-15.1082
1,11,-18.437
1.5,11,-23.0076
2,11,-23.7657
2.5,11,-19.8614
3,11,-20.8998
3.5,11,-17.9196
4,11,-17.9727
4.5,11,-20.139
5,11,-18.6135
5.5,11,-20.0046
6,11,-18.9162
6.5,11,-19.7213
7,11,-17.1828
7.5,11,-16.9772
8,11,-22.4309
8.5,11,-15.768
9,11,-20.0606
9.5,11,-18.6455
10,11,-21.5447
10.5,11,-23.6122
11,11,-20.3388
11.5,11,-23.7549
12,11,-23.4065
12.5,11,-24.0903
13,11,-25.0432
13.5,11,-20.8286
14,11,-22.8182
14.5,11,-19.8346
15,11,-21.5636
-15,11.5,-8.7912
-14.5,11.5,-6.78583
-14,11.5,-10.5741
-13.5,11.5,-9.34594
-13,11.5,-18.6689
-12.5,11.5,-16.7365
-12,11.5,-29.5395
-11.5,11.5,-13.7069
-11,11.5,-14.7953
-10.5,11.5,-20.2882
-10,11.5,-21.7328
-9.5,11.5,-13.8085
-9,11.5,-13.5616
-8.5,11.5,-13.2627
-8,11.5,-25.6074
-7.5,11.5,-17.0923
-7,11.5,-21.8794
-6.5,11.5,-18.0495
-6,11.5,-18.0388
-5.5,11.5,-22.2457
-5,11.5,-20.1705
-4.5,11.5,-26.2897
-4,11.5,-25.2058
-3.5,11.5,-16.937
-3,11.5,-16.0461
-2.5,11.5,-19.5182
-2,11.5,-17.6306
-1.5,11.5,-19.4297
-1,11.5,-22.5223
-0.5,11.5,-21.6511
0,11.5,-19.0611
0.5,11.5,-21.6384
1,11.5,-13.8287
1.5,11.5,-15.4707
2,11.5,-20.8169
2.5,11.5,-21.9825
3,11.5,-14.725
3.5,11.5,-22.8852
4,11.5,-17.9302
4.5,11.5,-21.1215
5,11.5,-14.6868
5.5,11.5,-19.9238
6,11.5,-18.8893
6.5,11.5,-22.603
7,11.5,-28.3837
7.5,11.5,-19.3678
8,11.5,-21.0554
8.5,11.5,-20.264
9,11.5,-16.3086
9.5,11.5,-21.961
10,11.5,-18.6401
10.5,11.5,-18.9698
11,11.5,-21.8354
11.5,11.5,-22.8455
12,11.5,-24.0652
12.5,11.5,-28.4252
13,11.5,-22.1832
13.5,11.5,-22.1211
14,11.5,-24.2871
14.5,11.5,-25.491
15,11.5,-28.9071
-15,12,-11.1438
-14.5,12,-18.4255
-14,12,-8.87863
-13.5,12,-20.2727
-13,12,-15.5155
-12.5,12,-16.627
-12,12,-18.4093
-11.5,12,-21.7768
-11,12,-15.3259
-10.5,12,-18.8482
-10,12,-24.1723
-9.5,12,-16.8855
-9,12,-12.3585
-8.5,12,-16.6862
-8,12,-17.9016
-7.5,12,-18.205
-7,12,-16.1445
-6.5,12,-16.8259
-6,12,-18.8342
-5.5,12,-23.9544
-5,12,-20.1965
-4.5,12,-20.6562
-4,12,-21.1883
-3.5,12,-18.3206
-3,12,-18.4324
-2.5,12,-18.4556
-2,12,-19.7438
-1.5,12,-16.3567
-1,12,-23.7377
-0.5,12,-18.7638
0,12,-21.9522
0.5,12,-16.4775
1,12,-24.6873
1.5,12,-13.0344
2,12,-21.8477
2.5,12,-21.7674
3,12,-19.6647
3.5,12,-17.8884
4,12,-20.0823
4.5,12,-19.6301
5,12,-23.2737
5.5,12,-14.9235
6,12,-18.5142
6.5,12,-20.7738
7,12,-23.2304
7.5,12,-24.1205
8,12,-18.0037
8.5,12,-18.1515
9,12,-20.9604
9.5,12,-16.4214
10,12,-18.4266
10.5,12,-17.2314
11,12,-18.9075
11.5,12,-16.0134
12,12,-20.2381
12.5,12,-21.4466
13,12,-28.338
13.5,12,-26.2777
14,12,-19.3966
14.5,12,-26.3614
15,12,-26.1512
-15,12.5,-14.7845
-14.5,12.5,-8.01111
-14,12.5,-15.8122
-13.5,12.5,-14.1548
-13,12.5,-20.6486
-12.5,12.5,-16.7066
-12,12.5,-20.0064
-11.5,12.5,-17.6866
-11,12.5,-25.6362
-10.5,12.5,-27.5676
-10,12.5,-22.8019
-9.5,12.5,-16.8653
-9,12.5,-14.3704
-8.5,12.5,-17.4249
-8,12.5,-14.0421
-7.5,12.5,-24.5468
-7,12.5,-17.3499
-6.5,12.5,-23.2929
-6,12.5,-19.2834
-5.5,12.5,-19.7033
-5,12.5,-20.7183
-4.5,12.5,-24.5847
-4,12.5,-21.021
-3.5,12.5,-22.9336
-3,12.5,-15.929
-2.5,12.5,-15.8415
-2,12.5,-16.4064
-1.5,12.5,-20.9634
-1,12.5,-22.6239
-0.5,12.5,-16.8512
0,12.5,-18.6991
0.5,12.5,-23.1033
1,12.5,-20.6406
1.5,12.5,-20.1481
2,12.5,-19.8063
2.5,12.5,-17.1738
3,12.5,-14.9065
3.5,12.5,-17.5312
4,12.5,-23.5852
4.5,12.5,-21.7847
5,12.5,-20.1247
5.5,12.5,-19.6912
6,12.5,-20.3899
6.5,12.5,-18.111
7,12.5,-21.8885
7.5,12.5,-22.275
8,12.5,-18.7213
8.5,12.5,-28.3627
9,12.5,-17.3195
9.5,12.5,-24.6111
10,12.5,-14.1636
10.5,12.5,-17.4436
11,12.5,-16.2712
11.5,12.5,-22.7113
12,12.5,-22.9387
12.5,12.5,-21.7144
13,12.5,-20.5524
13.5,12.5,-19.9474
14,12.5,-22.3159
14.5,12.5,-17.3372
15,12.5,-23.103
-15,13,-10.5958
-14.5,13,-12.725
-14,13,-13.8574
-13.5,13,-12.4813
-13,13,-16.6535
-12.5,13,-19.7662
-12,13,-18.5838
-11.5,13,-17.1174
-11,13,-21.4468
-10.5,13,-14.4208
-10,13,-26.4546
-9.5,13,-21.5207
-9,13,-18.8379
-8.5,13,-12.5017
-8,13,-17.1678
-7.5,13,-19.1233
-7,13,-25.0553
-6.5,13,-16.38
-6,13,-22.221
-5.5,13,-19.6518
-5,13,-16.4819
-4.5,13,-22.6264
-4,13,-21.5267
-3.5,13,-21.2909
-3,13,-16.4274
-2.5,13,-25.5979
-2,13,-24.1815
-1.5,13,-24.2788
-1,13,-19.9201
-0.5,13,-24.9493
0,13,-20.5462
0.5,13,-18.4428
1,13,-24.0284
1.5,13,-16.7222
2,13,-17.609
2.5,13,-23.9711
3,13,-16.1458
3.5,13,-21.4923
4,13,-20.5244
4.5,13,-26.8432
5,13,-17.8923
5.5,13,-15.2233
6,13,-19.1185
6.5,13,-24.7782
7,13,-18.4579
7.5,13,-18.274
8,13,-16.7486
8.5,13,-25.6365
9,13,-18.9042
9.5,13,-26.934
10,13,-24.1533
10.5,13,-20.5442
11,13,-16.3898
11.5,13,-19.8529
12,13,-22.306
12.5,13,-21.7971
13,13,-21.4921
13.5,13,-22.6987
14,13,-24.936
14.5,13,-30.0962
15,13,-25.0148
-15,13.5,-12.4769
-14.5,13.5,-15.1036
-14,13.5,-11.5345
-13.5,13.5,-17.9648
-13,13.5,-14.2775
-12.5,13.5,-20.5764
-12,13.5,-15.5441
-11.5,13.5,-24.1906
-11,13.5,-24.0942
-10.5,13.5,-17.2969
-10,13.5,-22.8231
-9.5,13.5,-24.666
-9,13.5,-18.8372
-8.5,13.5,-13.3854
-8,13.5,-17.4248
-7.5,13.5,-13.7136
-7,13.5,-18.2064
-6.5,13.5,-17.8005
-6,13.5,-24.6199
-5.5,13.5,-18.0953
-5,13.5,-21.0939
-4.5,13.5,-21.1796
-4,13.5,-23.9529
-3.5,13.5,-23.659
-3,13.5,-21.2926
-2.5,13.5,-19.3555
-2,13.5,-20.4751
-1.5,13.5,-17.385
-1,13.5,-19.1607
-0.5,13.5,-23.818
0,13.5,-21.9335
0.5,13.5,-18.4578
1,13.5,-19.6493
1.5,13.5,-23.6588
2,13.5,-31.4346
2.5,13.5,-18.8772
3,13.5,-27.9642
3.5,13.5,-14.1048
4,13.5,-16.4509
4.5,13.5,-25.5618
5,13.5,-27.6661
5.5,13.5,-17.5615
6,13.5,-26.8594
6.5,13.5,-26.5524
7,13.5,-25.463
7.5,13.5,-19.7853
8,13.5,-18.4774
8.5,13.5,-16.709
9,13.5,-19.425
9.5,13.5,-19.1282
10,13.5,-26.0135
10.5,13.5,-25.5636
11,13.5,-17.758
11.5,13.5,-18.9749
12,13.5,-22.8742
12.5,13.5,-21.446
13,13.5,-19.159
13.5,13.5,-20.53
14,13.5,-19.7126
14.5,13.5,-16.7624
15,13.5,-21.0105
-15,14,-23.9654
-14.5,14,-10.1068
-14,14,-16.2654
-13.5,14,-18.8608
-13,14,-17.9417
-12.5,14,-24.0142
-12,14,-19.3656
-11.5,14,-28.3544
-11,14,-20.1607
-10.5,14,-23.2357
-10,14,-24.3328
-9.5,14,-21.8413
-9,14,-22.3769
-8.5,14,-16.2745
-8,14,-20.0692
-7.5,14,-16.3324
-7,14,-16.1985
-6.5,14,-18.6207
-6,14,-16.4728
-5.5,14,-19.41
-5,14,-26.5996
-4.5,14,-18.6682
-4,14,-16.1705
-3.5,14,-24.4634
-3,14,-21.0294
-2.5,14,-19.8979
-2,14,-21.808
-1.5,14,-17.5326
-1,14,-17.9145
-0.5,14,-16.6941
0,14,-20.2973
0.5,14,-22.273
1,14,-20.2983
1.5,14,-19.6995
2,14,-27.2253
2.5,14,-26.0845
3,14,-19.7592
3.5,14,-16.8999
4,14,-19.8309
4.5,14,-16.3705
5,14,-22.3352
5.5,14,-17.3172
6,14,-22.116
6.5,14,-22.352
7,14,-24.2231
7.5,14,-21.0931
8,14,-18.9059
8.5,14,-20.9845
9,14,-17.2802
9.5,14,-21.8796
10,14,-21.3444
10.5,14,-29.0031
11,14,-19.5813
11.5,14,-19.8897
12,14,-20.2028
12.5,14,-20.3096
13,14,-20.9728
13.5,14,-18.8145
14,14,-20.7982
14.5,14,-19.7052
15,14,-21.7848
-15,14.5,-15.4965
-14.5,14.5,-11.0183
-14,14.5,-18.5237
-13.5,14.5,-14.0087
-13,14.5,-24.2564
-12.5,14.5,-25.977
-12,14.5,-22.1153
-11.5,14.5,-24.8213
-11,14.5,-19.7624
-10.5,14.5,-19.4381
-10,14.5,-18.7704
-9.5,14.5,-20.6371
-9,14.5,-21.5811
-8.5,14.5,-15.2132
-8,14.5,-14.5019
-7.5,14.5,-18.1938
-7,14.5,-16.4441
-6.5,14.5,-25.0351
-6,14.5,-19.5661
-5.5,14.5,-18.2103
-5,14.5,-19.4394
-4.5,14.5,-24.2661
-4,14.5,-18.3786
-3.5,14.5,-20.2123
-3,14.5,-18.1226
-2.5,14.5,-22.8084
-2,14.5,-16.298
-1.5,14.5,-22.5948
-1,14.5,-18.591
-0.5,14.5,-20.0173
0,14.5,-18.9232
0.5,14.5,-24.687
1,14.5,-22.7047
1.5,14.5,-22.653
2,14.5,-23.2596
2.5,14.5,-22.2662
3,14.5,-24.8198
3.5,14.5,-21.2542
4,14.5,-17.0005
4.5,14.5,-23.0722
5,14.5,-21.0927
5.5,14.5,-19.4254
6,14.5,-23.8658
6.5,14.5,-25.9818
7,14.5,-18.6392
7.5,14.5,-20.2346
8,14.5,-28.3642
8.5,14.5,-20.2945
9,14.5,-22.3662
9.5,14.5,-21.1099
10,14.5,-18.3505
10.5,14.5,-24.3283
11,14.5,-21.8827
11.5,14.5,-24.5511
12,14.5,-19.0069
12.5,14.5,-22.0949
13,14.5,-19.6572
13.5,14.5,-19.4543
14,14.5,-18.4406
14.5,14.5,-20.9428
15,14.5,-24.6845
-15,15,-15.9877
-14.5,15,-21.7311
-14,15,-13.4057
-13.5,15,-17.021
-13,15,-22.8286
-12.5,15,-24.3158
-12,15,-22.9579
-11.5,15,-24.206
-11,15,-20.7606
-10.5,15,-21.7832
-10,15,-20.1526
-9.5,15,-24.3945
-9,15,-21.6042
-8.5,15,-17.8208
-8,15,-15.6338
-7.5,15,-18.6332
-7,15,-14.515
-6.5,15,-22.7806
-6,15,-18.0318
-5.5,15,-17.1005
-5,15,-19.4766
-4.5,15,-22.2431
-4,15,-18.1046
-3.5,15,-18.9386
-3,15,-21.4132
-2.5,15,-20.8217
-2,15,-20.6663
-1.5,15,-15.1425
-1,15,-16.2097
-0.5,15,-23.3999
0,15,-17.5633
0.5,15,-21.043
1,15,-24.1368
1.5,15,-20.494
2,15,-27.779
2.5,15,-24.5936
3,15,-24.2913
3.5,15,-20.521
4,15,-28.8122
4.5,15,-19.2884
5,15,-24.8278
5.5,15,-21.5352
6,15,-19.9398
6.5,15,-19.0614
7,15,-20.6582
7.5,15,-21.6569
8,15,-17.5449
8.5,15,-32.4326
9,15,-20.5909
9.5,15,-20.3973
10,15,-22.183
10.5,15,-21.4641
11,15,-23.385
11.5,15,-23.2429
12,15,-18.2916
12.5,15,-24.4001
13,15,-21.213
13.5,15,-20.5784
14,15,-20.1873
14.5,15,-16.3514
15,15,-23.0493
