_u,_v,dB(NearPoyntingTotal)
-20,-20,-41.7238
-19.2,-20,-35.7014
-18.4,-20,-36.1775
-17.6,-20,-36.1798
-16.8,-20,-36.2471
-16,-20,-32.5186
-15.2,-20,-35.8287
-14.4,-20,-34.6092
-13.6,-20,-37.553
-12.8,-20,-35.3061
-12,-20,-35.6504
-11.2,-20,-39.4252
-10.4,-20,-38.4258
-9.6,-20,-43.4036
-8.8,-20,-39.5531
-8,-20,-42.753
-7.2,-20,-47.3581
-6.4,-20,-48.7693
-5.6,-20,-54.4737
-4.8,-20,-46.7673
-4,-20,-46.3154
-3.2,-20,-46.749
-2.4,-20,-43.8267
-1.6,-20,-51.8057
-0.8,-20,-60.8644
0,-20,-49.6707
0.8,-20,-51.8497
1.6,-20,-52.3937
2.4,-20,-50.1842
3.2,-20,-52.0853
4,-20,-51.909
4.8,-20,-52.6157
5.6,-20,-49.464
6.4,-20,-47.2688
7.2,-20,-53.6141
8,-20,-49.493
8.8,-20,-51.4864
9.6,-20,-51.883
10.4,-20,-49.6102
11.2,-20,-49.1832
12,-20,-52.8996
12.8,-20,-54.5173
13.6,-20,-50.0914
14.4,-20,-49.1329
15.2,-20,-57.4851
16,-20,-54.8408
16.8,-20,-50.3043
17.6,-20,-55.6415
18.4,-20,-53.539
19.2,-20,-54.6114
20,-20,-57.0015
-20,-19.2,-32.3942
-19.2,-19.2,-38.266
-18.4,-19.2,-34.3291
-17.6,-19.2,-39.331
-16.8,-19.2,-38.1091
-16,-19.2,-37.4594
-15.2,-19.2,-36.8298
-14.4,-19.2,-39.0681
-13.6,-19.2,-36.2568
-12.8,-19.2,-38.3311
-12,-19.2,-37.2357
-11.2,-19.2,-39.3514
-10.4,-19.2,-40.5064
-9.6,-19.2,-44.0648
-8.8,-19.2,-44.2323
-8,-19.2,-41.3502
-7.2,-19.2,-45.056
-6.4,-19.2,-46.5968
-5.6,-19.2,-47.4671
-4.8,-19.2,-44.4962
-4,-19.2,-49.7536
-3.2,-19.2,-48.1843
-2.4,-19.2,-51.9656
-1.6,-19.2,-48.0902
-0.8,-19.2,-49.0301
0,-19.2,-44.9172
0.8,-19.2,-48.5632
1.6,-19.2,-49.8183
2.4,-19.2,-52.5076
3.2,-19.2,-54.4544
4,-19.2,-49.4842
4.8,-19.2,-47.3796
5.6,-19.2,-47.3867
6.4,-19.2,-51.8785
7.2,-19.2,-47.7327
8,-19.2,-46.8257
8.8,-19.2,-51.0444
9.6,-19.2,-46.6779
10.4,-19.2,-52.9378
11.2,-19.2,-60.6739
12,-19.2,-51.2651
12.8,-19.2,-54.8673
13.6,-19.2,-53.5667
14.4,-19.2,-54.4533
15.2,-19.2,-55.9563
16,-19.2,-54.4096
16.8,-19.2,-55.5946
17.6,-19.2,-48.9252
18.4,-19.2,-58.9479
19.2,-19.2,-54.1821
20,-19.2,-56.3705
-20,-18.4,-36.2606
-19.2,-18.4,-41.1503
-18.4,-18.4,-36.2373
-17.6,-18.4,-43.0598
-16.8,-18.4,-38.856
-16,-18.4,-33.6582
-15.2,-18.4,-37.8299
-14.4,-18.4,-38.4275
-13.6,-18.4,-36.0899
-12.8,-18.4,-38.8791
-12,-18.4,-39.9345
-11.2,-18.4,-41.7098
-10.4,-18.4,-44.2398
-9.6,-18.4,-43.7112
-8.8,-18.4,-46.9759
-8,-18.4,-42.9046
-7.2,-18.4,-43.5396
-6.4,-18.4,-45.2656
-5.6,-18.4,-45.2842
-4.8,-18.4,-46.1635
-4,-18.4,-47.7762
-3.2,-18.4,-43.912
-2.4,-18.4,-45.9246
-1.6,-18.4,-44.4358
-0.8,-18.4,-45.5577
0,-18.4,-49.0171
0.8,-18.4,-48.5763
1.6,-18.4,-53.5752
2.4,-18.4,-43.1841
3.2,-18.4,-49.67
4,-18.4,-49.6601
4.8,-18.4,-46.423
5.6,-18.4,-45.8741
6.4,-18.4,-47.3213
7.2,-18.4,-51.2878
8,-18.4,-54.3811
8.8,-18.4,-54.0859
9.6,-18.4,-50.5612
10.4,-18.4,-56.8586
11.2,-18.4,-54.3932
12,-18.4,-51.8858
12.8,-18.4,-49.3323
13.6,-18.4,-49.587
14.4,-18.4,-52.341
15.2,-18.4,-53.6247
16,-18.4,-52.4663
16.8,-18.4,-51.2234
17.6,-18.4,-56.435
18.4,-18.4,-53.9939
19.2,-18.4,-54.8431
20,-18.4,-54.8508
-20,-17.6,-37.7306
-19.2,-17.6,-43.1235
-18.4,-17.6,-38.1409
-17.6,-17.6,-36.7146
-16.8,-17.6,-38.263
-16,-17.6,-37.9398
-15.2,-17.6,-30.3714
-14.4,-17.6,-37.0293
-13.6,-17.6,-38.0862
-12.8,-17.6,-40.3524
-12,-17.6,-43.2032
-11.2,-17.6,-39.8631
-10.4,-17.6,-41.7298
-9.6,-17.6,-42.259
-8.8,-17.6,-42.4496
-8,-17.6,-42.8776
-7.2,-17.6,-43.9103
-6.4,-17.6,-45.0732
-5.6,-17.6,-46.4987
-4.8,-17.6,-45.268
-4,-17.6,-44.5994
-3.2,-17.6,-43.9419
-2.4,-17.6,-42.4247
-1.6,-17.6,-43.6641
-0.8,-17.6,-48.4375
0,-17.6,-50.9118
0.8,-17.6,-54.1556
1.6,-17.6,-51.7322
2.4,-17.6,-46.6981
3.2,-17.6,-48.3529
4,-17.6,-44.9985
4.8,-17.6,-47.1626
5.6,-17.6,-56.9697
6.4,-17.6,-49.112
7.2,-17.6,-51.3885
8,-17.6,-53.5093
8.8,-17.6,-46.6339
9.6,-17.6,-50.9503
10.4,-17.6,-59.4253
11.2,-17.6,-50.6658
12,-17.6,-58.2617
12.8,-17.6,-53.1809
13.6,-17.6,-55.3018
14.4,-17.6,-46.3399
15.2,-17.6,-52.5407
16,-17.6,-53.6526
16.8,-17.6,-51.4704
17.6,-17.6,-55.2607
18.4,-17.6,-57.5082
19.2,-17.6,-63.7795
20,-17.6,-55.1071
-20,-16.8,-41.5501
-19.2,-16.8,-39.0178
-18.4,-16.8,-41.2053
-17.6,-16.8,-41.119
-16.8,-16.8,-38.7784
-16,-16.8,-35.2307
-15.2,-16.8,-38.6041
-14.4,-16.8,-37.8588
-13.6,-16.8,-43.2358
-12.8,-16.8,-39.5321
-12,-16.8,-47.2706
-11.2,-16.8,-47.051
-10.4,-16.8,-43.4526
-9.6,-16.8,-43.1174
-8.8,-16.8,-47.2416
-8,-16.8,-42.8497
-7.2,-16.8,-44.3351
-6.4,-16.8,-46.5262
-5.6,-16.8,-46.1095
-4.8,-16.8,-43.8622
-4,-16.8,-40.0166
-3.2,-16.8,-40.9371
-2.4,-16.8,-40.6385
-1.6,-16.8,-46.24
-0.8,-16.8,-49.1522
0,-16.8,-47.9351
0.8,-16.8,-53.9524
1.6,-16.8,-50.7902
2.4,-16.8,-49.0249
3.2,-16.8,-47.4144
4,-16.8,-56.7218
4.8,-16.8,-54.4611
5.6,-16.8,-56.7724
6.4,-16.8,-46.9322
7.2,-16.8,-52.5879
8,-16.8,-54.5277
8.8,-16.8,-54.1001
9.6,-16.8,-58.1624
10.4,-16.8,-53.1868
11.2,-16.8,-47.6129
12,-16.8,-47.8839
12.8,-16.8,-55.5295
13.6,-16.8,-50.5121
14.4,-16.8,-49.2461
15.2,-16.8,-49.3327
16,-16.8,-55.7206
16.8,-16.8,-53.8059
17.6,-16.8,-56.728
18.4,-16.8,-55.3543
19.2,-16.8,-53.6258
20,-16.8,-51.3249
-20,-16,-38.0694
-19.2,-16,-42.1096
-18.4,-16,-39.7119
-17.6,-16,-43.0368
-16.8,-16,-39.5237
-16,-16,-41.1892
-15.2,-16,-37.2229
-14.4,-16,-38.1223
-13.6,-16,-38.7425
-12.8,-16,-41.0997
-12,-16,-46.2517
-11.2,-16,-45.6847
-10.4,-16,-45.2859
-9.6,-16,-50.37
-8.8,-16,-45.8503
-8,-16,-41.1742
-7.2,-16,-45.5395
-6.4,-16,-48.8216
-5.6,-16,-45.1307
-4.8,-16,-37.4546
-4,-16,-37.8778
-3.2,-16,-41.3801
-2.4,-16,-43.3541
-1.6,-16,-45.4715
-0.8,-16,-49.7016
0,-16,-47.6218
0.8,-16,-45.4742
1.6,-16,-44.66
2.4,-16,-48.4804
3.2,-16,-49.2693
4,-16,-48.6139
4.8,-16,-47.7092
5.6,-16,-54.6087
6.4,-16,-51.6524
7.2,-16,-49.1913
8,-16,-55.2437
8.8,-16,-50.9932
9.6,-16,-48.4636
10.4,-16,-47.1954
11.2,-16,-45.4492
12,-16,-47.5208
12.8,-16,-51.0702
13.6,-16,-52.9324
14.4,-16,-51.64
15.2,-16,-65.5429
16,-16,-56.2566
16.8,-16,-55.0028
17.6,-16,-51.5848
18.4,-16,-54.1345
19.2,-16,-56.5589
20,-16,-60.3865
-20,-15.2,-40.7463
-19.2,-15.2,-44.5375
-18.4,-15.2,-42.629
-17.6,-15.2,-41.4009
-16.8,-15.2,-38.1491
-16,-15.2,-42.8693
-15.2,-15.2,-40.9246
-14.4,-15.2,-38.784
-13.6,-15.2,-42.2732
-12.8,-15.2,-45.8368
-12,-15.2,-45.9901
-11.2,-15.2,-43.8432
-10.4,-15.2,-44.4395
-9.6,-15.2,-40.7743
-8.8,-15.2,-46.6202
-8,-15.2,-42.0084
-7.2,-15.2,-43.4203
-6.4,-15.2,-47.3161
-5.6,-15.2,-39.2747
-4.8,-15.2,-37.0321
-4,-15.2,-36.7018
-3.2,-15.2,-41.1019
-2.4,-15.2,-47.4592
-1.6,-15.2,-47.6847
-0.8,-15.2,-50.3283
0,-15.2,-48.2697
0.8,-15.2,-50.8488
1.6,-15.2,-50.3079
2.4,-15.2,-52.7856
3.2,-15.2,-46.6656
4,-15.2,-47.8893
4.8,-15.2,-48.6393
5.6,-15.2,-49.5978
6.4,-15.2,-45.3766
7.2,-15.2,-49.5563
8,-15.2,-50.7756
8.8,-15.2,-49.4314
9.6,-15.2,-50.342
10.4,-15.2,-52.1871
11.2,-15.2,-47.949
12,-15.2,-48.5815
12.8,-15.2,-49.5956
13.6,-15.2,-53.0174
14.4,-15.2,-56.4605
15.2,-15.2,-52.9714
16,-15.2,-49.8915
16.8,-15.2,-51.1353
17.6,-15.2,-65.4511
18.4,-15.2,-51.8358
19.2,-15.2,-53.5193
20,-15.2,-50.6276
-20,-14.4,-48.395
-19.2,-14.4,-42.7765
-18.4,-14.4,-47.6896
-17.6,-14.4,-42.5552
-16.8,-14.4,-43.9045
-16,-14.4,-41.0999
-15.2,-14.4,-39.9942
-14.4,-14.4,-44.5701
-13.6,-14.4,-41.5568
-12.8,-14.4,-45.1224
-12,-14.4,-45.4674
-11.2,-14.4,-48.1065
-10.4,-14.4,-46.5378
-9.6,-14.4,-41.5774
-8.8,-14.4,-50.133
-8,-14.4,-45.0418
-7.2,-14.4,-48.9951
-6.4,-14.4,-41.2719
-5.6,-14.4,-37.1018
-4.8,-14.4,-39.2039
-4,-14.4,-40.2217
-3.2,-14.4,-44.5602
-2.4,-14.4,-52.7362
-1.6,-14.4,-47.038
-0.8,-14.4,-49.0759
0,-14.4,-55.2752
0.8,-14.4,-45.6517
1.6,-14.4,-45.6238
2.4,-14.4,-48.4891
3.2,-14.4,-49.3588
4,-14.4,-45.2365
4.8,-14.4,-44.5924
5.6,-14.4,-48.9334
6.4,-14.4,-51.583
7.2,-14.4,-51.0077
8,-14.4,-52.6975
8.8,-14.4,-56.7013
9.6,-14.4,-50.5087
10.4,-14.4,-57.8997
11.2,-14.4,-51.0182
12,-14.4,-49.9641
12.8,-14.4,-55.8305
13.6,-14.4,-49.7967
14.4,-14.4,-51.5487
15.2,-14.4,-52.2953
16,-14.4,-50.7637
16.8,-14.4,-51.2557
17.6,-14.4,-54.5477
18.4,-14.4,-52.3446
19.2,-14.4,-55.696
20,-14.4,-58.9018
-20,-13.6,-42.9486
-19.2,-13.6,-42.5873
-18.4,-13.6,-41.213
-17.6,-13.6,-39.5634
-16.8,-13.6,-49.5753
-16,-13.6,-41.0821
-15.2,-13.6,-43.9142
-14.4,-13.6,-46.4442
-13.6,-13.6,-42.1296
-12.8,-13.6,-46.5857
-12,-13.6,-43.826
-11.2,-13.6,-45.4695
-10.4,-13.6,-42.9854
-9.6,-13.6,-41.2024
-8.8,-13.6,-45.0082
-8,-13.6,-46.7933
-7.2,-13.6,-45.3387
-6.4,-13.6,-42.9818
-5.6,-13.6,-38.9989
-4.8,-13.6,-43.4515
-4,-13.6,-42.9802
-3.2,-13.6,-44.5205
-2.4,-13.6,-50.3743
-1.6,-13.6,-56.0492
-0.8,-13.6,-48.3066
0,-13.6,-43.7881
0.8,-13.6,-43.4405
1.6,-13.6,-46.2044
2.4,-13.6,-44.5368
3.2,-13.6,-39.7159
4,-13.6,-45.9101
4.8,-13.6,-46.7023
5.6,-13.6,-48.7033
6.4,-13.6,-50.8222
7.2,-13.6,-55.8077
8,-13.6,-55.0035
8.8,-13.6,-53.4481
9.6,-13.6,-54.8061
10.4,-13.6,-52.4639
11.2,-13.6,-51.4021
12,-13.6,-51.626
12.8,-13.6,-58.193
13.6,-13.6,-46.3998
14.4,-13.6,-52.9689
15.2,-13.6,-54.8473
16,-13.6,-63.0006
16.8,-13.6,-53.359
17.6,-13.6,-51.7442
18.4,-13.6,-56.4869
19.2,-13.6,-55.942
20,-13.6,-52.7813
-20,-12.8,-45.0084
-19.2,-12.8,-44.0473
-18.4,-12.8,-52.3742
-17.6,-12.8,-36.4856
-16.8,-12.8,-45.6747
-16,-12.8,-37.184
-15.2,-12.8,-42.1607
-14.4,-12.8,-43.2901
-13.6,-12.8,-46.7561
-12.8,-12.8,-39.3066
-12,-12.8,-51.7139
-11.2,-12.8,-41.7793
-10.4,-12.8,-43.0291
-9.6,-12.8,-51.1366
-8.8,-12.8,-42.6959
-8,-12.8,-44.2765
-7.2,-12.8,-41.0176
-6.4,-12.8,-41.0312
-5.6,-12.8,-45.6863
-4.8,-12.8,-47.0474
-4,-12.8,-40.8339
-3.2,-12.8,-43.7639
-2.4,-12.8,-43.2751
-1.6,-12.8,-47.2606
-0.8,-12.8,-41.5663
0,-12.8,-40.0918
0.8,-12.8,-39.8901
1.6,-12.8,-41.5395
2.4,-12.8,-45.535
3.2,-12.8,-41.6179
4,-12.8,-44.0809
4.8,-12.8,-48.8429
5.6,-12.8,-47.7268
6.4,-12.8,-50.4538
7.2,-12.8,-50.6232
8,-12.8,-52.0361
8.8,-12.8,-49.0891
9.6,-12.8,-51.1702
10.4,-12.8,-50.8015
11.2,-12.8,-46.012
12,-12.8,-52.8459
12.8,-12.8,-48.5422
13.6,-12.8,-53.7014
14.4,-12.8,-55.7674
15.2,-12.8,-48.7437
16,-12.8,-51.9943
16.8,-12.8,-51.9236
17.6,-12.8,-47.763
18.4,-12.8,-51.8886
19.2,-12.8,-55.8813
20,-12.8,-55.7639
-20,-12,-48.7897
-19.2,-12,-44.7089
-18.4,-12,-48.8535
-17.6,-12,-43.075
-16.8,-12,-45.8778
-16,-12,-44.3413
-15.2,-12,-37.7161
-14.4,-12,-48.3185
-13.6,-12,-48.5775
-12.8,-12,-43.8197
-12,-12,-43.4184
-11.2,-12,-42.8475
-10.4,-12,-52.577
-9.6,-12,-42.2091
-8.8,-12,-43.268
-8,-12,-47.4169
-7.2,-12,-45.3241
-6.4,-12,-42.6633
-5.6,-12,-47.0566
-4.8,-12,-42.3231
-4,-12,-41.0461
-3.2,-12,-41.523
-2.4,-12,-39.6036
-1.6,-12,-38.1937
-0.8,-12,-37.4213
0,-12,-38.7602
0.8,-12,-39.8689
1.6,-12,-39.5598
2.4,-12,-44.0426
3.2,-12,-48.4583
4,-12,-49.8962
4.8,-12,-54.5167
5.6,-12,-49.218
6.4,-12,-47.4737
7.2,-12,-47.1706
8,-12,-55.598
8.8,-12,-53.2219
9.6,-12,-50.2969
10.4,-12,-52.0041
11.2,-12,-52.8354
12,-12,-55.4167
12.8,-12,-52.922
13.6,-12,-53.686
14.4,-12,-57.3649
15.2,-12,-57.8341
16,-12,-54.3611
16.8,-12,-50.9
17.6,-12,-50.1944
18.4,-12,-50.6684
19.2,-12,-52.2247
20,-12,-46.5278
-20,-11.2,-47.4522
-19.2,-11.2,-38.6563
-18.4,-11.2,-45.5127
-17.6,-11.2,-44.6364
-16.8,-11.2,-44.1471
-16,-11.2,-41.6578
-15.2,-11.2,-44.3567
-14.4,-11.2,-40.304
-13.6,-11.2,-45.0645
-12.8,-11.2,-42.8409
-12,-11.2,-44.1041
-11.2,-11.2,-46.5545
-10.4,-11.2,-44.2548
-9.6,-11.2,-46.7478
-8.8,-11.2,-45.7119
-8,-11.2,-50.2467
-7.2,-11.2,-44.4031
-6.4,-11.2,-46.9012
-5.6,-11.2,-44.5321
-4.8,-11.2,-41.5152
-4,-11.2,-39.7912
-3.2,-11.2,-39.7501
-2.4,-11.2,-37.3255
-1.6,-11.2,-40.1442
-0.8,-11.2,-41.1334
0,-11.2,-45.4231
0.8,-11.2,-47.1416
1.6,-11.2,-51.3742
2.4,-11.2,-45.1176
3.2,-11.2,-50.4612
4,-11.2,-50.1354
4.8,-11.2,-51.6164
5.6,-11.2,-48.1052
6.4,-11.2,-51.8987
7.2,-11.2,-53.6203
8,-11.2,-50.7947
8.8,-11.2,-50.1101
9.6,-11.2,-52.1912
10.4,-11.2,-51.9853
11.2,-11.2,-51.3347
12,-11.2,-51.7823
12.8,-11.2,-54.5678
13.6,-11.2,-49.8747
14.4,-11.2,-53.47
15.2,-11.2,-54.3973
16,-11.2,-63.1717
16.8,-11.2,-56.7139
17.6,-11.2,-57.3149
18.4,-11.2,-53.4768
19.2,-11.2,-55.5393
20,-11.2,-58.2552
-20,-10.4,-41.5886
-19.2,-10.4,-51.0344
-18.4,-10.4,-46.8838
-17.6,-10.4,-41.649
-16.8,-10.4,-42.5559
-16,-10.4,-48.7415
-15.2,-10.4,-41.7429
-14.4,-10.4,-44.9509
-13.6,-10.4,-45.7427
-12.8,-10.4,-40.9117
-12,-10.4,-39.097
-11.2,-10.4,-43.6708
-10.4,-10.4,-45.9425
-9.6,-10.4,-45.5952
-8.8,-10.4,-42.8497
-8,-10.4,-40.032
-7.2,-10.4,-43.7849
-6.4,-10.4,-44.5464
-5.6,-10.4,-40.6024
-4.8,-10.4,-42.2271
-4,-10.4,-40.665
-3.2,-10.4,-40.0342
-2.4,-10.4,-40.6524
-1.6,-10.4,-36.551
-0.8,-10.4,-40.1472
0,-10.4,-43.37
0.8,-10.4,-45.358
1.6,-10.4,-47.4691
2.4,-10.4,-49.7418
3.2,-10.4,-48.2992
4,-10.4,-45.3899
4.8,-10.4,-50.4264
5.6,-10.4,-50.5409
6.4,-10.4,-53.4683
7.2,-10.4,-49.8349
8,-10.4,-52.7876
8.8,-10.4,-50.0935
9.6,-10.4,-51.4894
10.4,-10.4,-53.6967
11.2,-10.4,-51.8967
12,-10.4,-49.3498
12.8,-10.4,-52.102
13.6,-10.4,-51.4298
14.4,-10.4,-49.3798
15.2,-10.4,-61.25
16,-10.4,-53.8231
16.8,-10.4,-55.1946
17.6,-10.4,-53.4606
18.4,-10.4,-54.8656
19.2,-10.4,-56.1686
20,-10.4,-54.2094
-20,-9.6,-46.3259
-19.2,-9.6,-38.0688
-18.4,-9.6,-41.0142
-17.6,-9.6,-43.2459
-16.8,-9.6,-46.4302
-16,-9.6,-45.4832
-15.2,-9.6,-39.4675
-14.4,-9.6,-46.0425
-13.6,-9.6,-42.4067
-12.8,-9.6,-39.7911
-12,-9.6,-41.0834
-11.2,-9.6,-38.6847
-10.4,-9.6,-42.2583
-9.6,-9.6,-43.8771
-8.8,-9.6,-38.7554
-8,-9.6,-36.8869
-7.2,-9.6,-37.7241
-6.4,-9.6,-48.0833
-5.6,-9.6,-43.8213
-4.8,-9.6,-41.5521
-4,-9.6,-42.1072
-3.2,-9.6,-38.9132
-2.4,-9.6,-39.2188
-1.6,-9.6,-42.1245
-0.8,-9.6,-40.964
0,-9.6,-43.5533
0.8,-9.6,-49.7888
1.6,-9.6,-49.2832
2.4,-9.6,-50.7501
3.2,-9.6,-49.1638
4,-9.6,-43.3927
4.8,-9.6,-52.917
5.6,-9.6,-51.0243
6.4,-9.6,-50.5343
7.2,-9.6,-44.4761
8,-9.6,-58.1767
8.8,-9.6,-51.3003
9.6,-9.6,-51.406
10.4,-9.6,-53.6785
11.2,-9.6,-53.4379
12,-9.6,-56.0795
12.8,-9.6,-53.7562
13.6,-9.6,-52.8156
14.4,-9.6,-53.9536
15.2,-9.6,-54.7004
16,-9.6,-57.3051
16.8,-9.6,-56.7658
17.6,-9.6,-63.5796
18.4,-9.6,-58.2986
19.2,-9.6,-54.2455
20,-9.6,-52.498
-20,-8.8,-45.6722
-19.2,-8.8,-44.0771
-18.4,-8.8,-40.0765
-17.6,-8.8,-44.6516
-16.8,-8.8,-50.4081
-16,-8.8,-46.3658
-15.2,-8.8,-45.2535
-14.4,-8.8,-38.2423
-13.6,-8.8,-41.7379
-12.8,-8.8,-38.6034
-12,-8.8,-45.7542
-11.2,-8.8,-44.3587
-10.4,-8.8,-38.7972
-9.6,-8.8,-37.5065
-8.8,-8.8,-39.5193
-8,-8.8,-38.1957
-7.2,-8.8,-40.6992
-6.4,-8.8,-49.5504
-5.6,-8.8,-47.2384
-4.8,-8.8,-40.2797
-4,-8.8,-42.9817
-3.2,-8.8,-44.8631
-2.4,-8.8,-45.0985
-1.6,-8.8,-42.9482
-0.8,-8.8,-51.5038
0,-8.8,-49.2916
0.8,-8.8,-46.1326
1.6,-8.8,-49.5881
2.4,-8.8,-43.6728
3.2,-8.8,-48.7573
4,-8.8,-50.0037
4.8,-8.8,-57.1893
5.6,-8.8,-47.1434
6.4,-8.8,-52.1257
7.2,-8.8,-52.5904
8,-8.8,-51.0752
8.8,-8.8,-49.1714
9.6,-8.8,-49.1912
10.4,-8.8,-50.1114
11.2,-8.8,-50.3715
12,-8.8,-54.5841
12.8,-8.8,-52.619
13.6,-8.8,-54.5234
14.4,-8.8,-48.5434
15.2,-8.8,-54.7666
16,-8.8,-49.1239
16.8,-8.8,-49.9746
17.6,-8.8,-56.2755
18.4,-8.8,-61.3807
19.2,-8.8,-53.6196
20,-8.8,-58.9987
-20,-8,-41.3703
-19.2,-8,-36.6797
-18.4,-8,-42.9607
-17.6,-8,-43.6821
-16.8,-8,-41.9445
-16,-8,-40.0032
-15.2,-8,-38.0654
-14.4,-8,-44.5421
-13.6,-8,-40.2022
-12.8,-8,-40.4359
-12,-8,-43.2965
-11.2,-8,-43.9382
-10.4,-8,-38.7146
-9.6,-8,-44.9398
-8.8,-8,-45.9272
-8,-8,-40.1404
-7.2,-8,-43.6685
-6.4,-8,-45.158
-5.6,-8,-44.9343
-4.8,-8,-46.1452
-4,-8,-43.928
-3.2,-8,-44.5501
-2.4,-8,-47.7607
-1.6,-8,-44.4645
-0.8,-8,-42.0763
0,-8,-48.1049
0.8,-8,-45.5585
1.6,-8,-47.4301
2.4,-8,-50.7815
3.2,-8,-50.5935
4,-8,-49.0049
4.8,-8,-48.8035
5.6,-8,-48.506
6.4,-8,-52.8721
7.2,-8,-52.3886
8,-8,-48.0526
8.8,-8,-52.7657
9.6,-8,-51.3991
10.4,-8,-51.391
11.2,-8,-47.2826
12,-8,-48.6313
12.8,-8,-46.3261
13.6,-8,-53.4887
14.4,-8,-53.0601
15.2,-8,-51.3364
16,-8,-61.2289
16.8,-8,-65.6825
17.6,-8,-54.6497
18.4,-8,-57.0407
19.2,-8,-56.6595
20,-8,-53.9281
-20,-7.2,-41.5021
-19.2,-7.2,-37.6354
-18.4,-7.2,-42.47
-17.6,-7.2,-42.9017
-16.8,-7.2,-41.0186
-16,-7.2,-40.1658
-15.2,-7.2,-41.8527
-14.4,-7.2,-35.94
-13.6,-7.2,-35.9499
-12.8,-7.2,-40.1921
-12,-7.2,-42.166
-11.2,-7.2,-39.6891
-10.4,-7.2,-47.1363
-9.6,-7.2,-51.6791
-8.8,-7.2,-45.9708
-8,-7.2,-44.6571
-7.2,-7.2,-43.8868
-6.4,-7.2,-46.0605
-5.6,-7.2,-46.2676
-4.8,-7.2,-45.5851
-4,-7.2,-45.6354
-3.2,-7.2,-46.1221
-2.4,-7.2,-42.3197
-1.6,-7.2,-41.3532
-0.8,-7.2,-44.7876
0,-7.2,-43.2739
0.8,-7.2,-43.8695
1.6,-7.2,-53.5593
2.4,-7.2,-47.9076
3.2,-7.2,-43.3981
4,-7.2,-50.5358
4.8,-7.2,-49.245
5.6,-7.2,-47.7212
6.4,-7.2,-45.742
7.2,-7.2,-46.1826
8,-7.2,-53.1422
8.8,-7.2,-59.9998
9.6,-7.2,-49.0127
10.4,-7.2,-56.541
11.2,-7.2,-51.3195
12,-7.2,-50.9344
12.8,-7.2,-47.796
13.6,-7.2,-52.5892
14.4,-7.2,-51.5651
15.2,-7.2,-54.8366
16,-7.2,-50.0822
16.8,-7.2,-54.3046
17.6,-7.2,-46.2932
18.4,-7.2,-46.4572
19.2,-7.2,-51.2446
20,-7.2,-52.8375
-20,-6.4,-38.4425
-19.2,-6.4,-38.7981
-18.4,-6.4,-39.8069
-17.6,-6.4,-36.9138
-16.8,-6.4,-36.8331
-16,-6.4,-38.2805
-15.2,-6.4,-43.8906
-14.4,-6.4,-37.481
-13.6,-6.4,-39.1486
-12.8,-6.4,-40.4626
-12,-6.4,-35.9602
-11.2,-6.4,-41.6877
-10.4,-6.4,-41.1308
-9.6,-6.4,-39.1015
-8.8,-6.4,-41.6555
-8,-6.4,-39.395
-7.2,-6.4,-41.9482
-6.4,-6.4,-48.3442
-5.6,-6.4,-40.5222
-4.8,-6.4,-40.5543
-4,-6.4,-39.2697
-3.2,-6.4,-42.8549
-2.4,-6.4,-41.8361
-1.6,-6.4,-43.5616
-0.8,-6.4,-42.9168
0,-6.4,-47.3595
0.8,-6.4,-42.9105
1.6,-6.4,-48.3999
2.4,-6.4,-47.3646
3.2,-6.4,-43.7435
4,-6.4,-47.6698
4.8,-6.4,-46.5653
5.6,-6.4,-49.9726
6.4,-6.4,-49.0389
7.2,-6.4,-47.9706
8,-6.4,-52.6536
8.8,-6.4,-46.9886
9.6,-6.4,-48.4468
10.4,-6.4,-48.4758
11.2,-6.4,-52.1814
12,-6.4,-57.5001
12.8,-6.4,-49.8649
13.6,-6.4,-60.7036
14.4,-6.4,-59.4757
15.2,-6.4,-50.9831
16,-6.4,-46.9909
16.8,-6.4,-48.7029
17.6,-6.4,-51.2217
18.4,-6.4,-57.959
19.2,-6.4,-60.6011
20,-6.4,-61.3236
-20,-5.6,-41.405
-19.2,-5.6,-35.3042
-18.4,-5.6,-45.0617
-17.6,-5.6,-40.625
-16.8,-5.6,-38.5134
-16,-5.6,-39.9867
-15.2,-5.6,-31.6522
-14.4,-5.6,-32.253
-13.6,-5.6,-36.3896
-12.8,-5.6,-36.0157
-12,-5.6,-40.0901
-11.2,-5.6,-40.0735
-10.4,-5.6,-37.9285
-9.6,-5.6,-36.7541
-8.8,-5.6,-33.1236
-8,-5.6,-47.3954
-7.2,-5.6,-42.3677
-6.4,-5.6,-40.8404
-5.6,-5.6,-40.5665
-4.8,-5.6,-39.1033
-4,-5.6,-38.7929
-3.2,-5.6,-36.5636
-2.4,-5.6,-33.8286
-1.6,-5.6,-37.5699
-0.8,-5.6,-39.0058
0,-5.6,-41.486
0.8,-5.6,-41.4897
1.6,-5.6,-51.3706
2.4,-5.6,-47.5768
3.2,-5.6,-42.2345
4,-5.6,-50.1784
4.8,-5.6,-36.9554
5.6,-5.6,-46.0993
6.4,-5.6,-51.6627
7.2,-5.6,-49.1692
8,-5.6,-45.4544
8.8,-5.6,-45.7747
9.6,-5.6,-43.7562
10.4,-5.6,-51.6745
11.2,-5.6,-48.1495
12,-5.6,-48.9833
12.8,-5.6,-35.547
13.6,-5.6,-49.5418
14.4,-5.6,-36.7067
15.2,-5.6,-45.4408
16,-5.6,-49.0267
16.8,-5.6,-52.394
17.6,-5.6,-50.6254
18.4,-5.6,-54.5806
19.2,-5.6,-56.5547
20,-5.6,-57.987
-20,-4.8,-41.7128
-19.2,-4.8,-45.4209
-18.4,-4.8,-40.2292
-17.6,-4.8,-40.401
-16.8,-4.8,-37.0045
-16,-4.8,-36.192
-15.2,-4.8,-44.0533
-14.4,-4.8,-35.53
-13.6,-4.8,-33.4633
-12.8,-4.8,-38.2209
-12,-4.8,-37.9749
-11.2,-4.8,-35.2393
-10.4,-4.8,-27.3041
-9.6,-4.8,-30.6023
-8.8,-4.8,-39.7484
-8,-4.8,-41.0258
-7.2,-4.8,-38.1469
-6.4,-4.8,-35.1643
-5.6,-4.8,-37.1043
-4.8,-4.8,-34.9144
-4,-4.8,-35.6397
-3.2,-4.8,-36.6786
-2.4,-4.8,-39.1442
-1.6,-4.8,-40.2365
-0.8,-4.8,-40.1416
0,-4.8,-42.6571
0.8,-4.8,-42.246
1.6,-4.8,-44.0624
2.4,-4.8,-46.4145
3.2,-4.8,-40.8664
4,-4.8,-47.2852
4.8,-4.8,-45.4095
5.6,-4.8,-55.1566
6.4,-4.8,-48.4919
7.2,-4.8,-46.4566
8,-4.8,-48.6858
8.8,-4.8,-54.5045
9.6,-4.8,-49.3901
10.4,-4.8,-46.9613
11.2,-4.8,-49.5409
12,-4.8,-46.389
12.8,-4.8,-48.5912
13.6,-4.8,-52.3312
14.4,-4.8,-54.6923
15.2,-4.8,-49.999
16,-4.8,-54.8094
16.8,-4.8,-54.1391
17.6,-4.8,-56.6465
18.4,-4.8,-57.8978
19.2,-4.8,-53.7975
20,-4.8,-51.9069
-20,-4,-43.8996
-19.2,-4,-33.1759
-18.4,-4,-47.482
-17.6,-4,-39.6821
-16.8,-4,-40.0868
-16,-4,-37.9747
-15.2,-4,-34.9542
-14.4,-4,-40.8299
-13.6,-4,-36.4597
-12.8,-4,-28.5124
-12,-4,-37.6944
-11.2,-4,-33.9307
-10.4,-4,-31.1113
-9.6,-4,-32.068
-8.8,-4,-38.6281
-8,-4,-48.766
-7.2,-4,-39.5182
-6.4,-4,-37.4502
-5.6,-4,-34.8682
-4.8,-4,-32.9728
-4,-4,-34.955
-3.2,-4,-33.1819
-2.4,-4,-34.1112
-1.6,-4,-35.1079
-0.8,-4,-37.6989
0,-4,-41.2276
0.8,-4,-44.5515
1.6,-4,-45.4947
2.4,-4,-46.5721
3.2,-4,-41.619
4,-4,-42.919
4.8,-4,-49.4203
5.6,-4,-45.9325
6.4,-4,-48.6022
7.2,-4,-48.5251
8,-4,-44.4552
8.8,-4,-47.3057
9.6,-4,-44.2785
10.4,-4,-49.4486
11.2,-4,-45.2564
12,-4,-42.9511
12.8,-4,-45.1427
13.6,-4,-47.8195
14.4,-4,-48.8533
15.2,-4,-47.5349
16,-4,-51.8109
16.8,-4,-49.5643
17.6,-4,-53.939
18.4,-4,-51.9514
19.2,-4,-53.6669
20,-4,-56.9552
-20,-3.2,-44.5253
-19.2,-3.2,-37.5092
-18.4,-3.2,-41.364
-17.6,-3.2,-40.5667
-16.8,-3.2,-40.0213
-16,-3.2,-39.1966
-15.2,-3.2,-42.415
-14.4,-3.2,-36.4321
-13.6,-3.2,-35.1615
-12.8,-3.2,-42.1245
-12,-3.2,-37.3548
-11.2,-3.2,-31.7996
-10.4,-3.2,-30.6327
-9.6,-3.2,-34.2319
-8.8,-3.2,-38.354
-8,-3.2,-42.6708
-7.2,-3.2,-29.0289
-6.4,-3.2,-34.9799
-5.6,-3.2,-32.9055
-4.8,-3.2,-33.7763
-4,-3.2,-34.6128
-3.2,-3.2,-33.2043
-2.4,-3.2,-32.9678
-1.6,-3.2,-36.3503
-0.8,-3.2,-36.9745
0,-3.2,-43.4594
0.8,-3.2,-49.5757
1.6,-3.2,-43.8386
2.4,-3.2,-48.0195
3.2,-3.2,-43.3545
4,-3.2,-45.4323
4.8,-3.2,-49.3411
5.6,-3.2,-43.4201
6.4,-3.2,-43.8532
7.2,-3.2,-48.208
8,-3.2,-52.8737
8.8,-3.2,-47.4442
9.6,-3.2,-49.6008
10.4,-3.2,-44.6549
11.2,-3.2,-55.4505
12,-3.2,-48.221
12.8,-3.2,-49.9971
13.6,-3.2,-53.2189
14.4,-3.2,-52.1983
15.2,-3.2,-54.879
16,-3.2,-51.9749
16.8,-3.2,-55.3676
17.6,-3.2,-50.5938
18.4,-3.2,-54.9334
19.2,-3.2,-56.3786
20,-3.2,-54.5939
-20,-2.4,-41.79
-19.2,-2.4,-39.251
-18.4,-2.4,-41.5819
-17.6,-2.4,-44.2059
-16.8,-2.4,-36.2213
-16,-2.4,-40.6445
-15.2,-2.4,-42.4767
-14.4,-2.4,-38.0867
-13.6,-2.4,-42.1001
-12.8,-2.4,-41.9574
-12,-2.4,-40.8026
-11.2,-2.4,-37.1162
-10.4,-2.4,-35.5409
-9.6,-2.4,-35.0545
-8.8,-2.4,-37.0419
-8,-2.4,-43.392
-7.2,-2.4,-35.8566
-6.4,-2.4,-38.8537
-5.6,-2.4,-35.3027
-4.8,-2.4,-36.61
-4,-2.4,-35.3904
-3.2,-2.4,-36.7984
-2.4,-2.4,-39.0989
-1.6,-2.4,-34.9889
-0.8,-2.4,-42.8761
0,-2.4,-43.9238
0.8,-2.4,-43.1073
1.6,-2.4,-44.5838
2.4,-2.4,-44.8345
3.2,-2.4,-43.6228
4,-2.4,-37.7708
4.8,-2.4,-41.5507
5.6,-2.4,-41.0308
6.4,-2.4,-43.6132
7.2,-2.4,-44.7999
8,-2.4,-47.4902
8.8,-2.4,-49.847
9.6,-2.4,-44.4553
10.4,-2.4,-48.9041
11.2,-2.4,-45.3842
12,-2.4,-48.7568
12.8,-2.4,-52.9221
13.6,-2.4,-50.526
14.4,-2.4,-52.7186
15.2,-2.4,-54.6027
16,-2.4,-50.7689
16.8,-2.4,-54.8525
17.6,-2.4,-55.7774
18.4,-2.4,-54.3813
19.2,-2.4,-52.5326
20,-2.4,-57.1922
-20,-1.6,-39.9938
-19.2,-1.6,-43.8147
-18.4,-1.6,-42.1574
-17.6,-1.6,-41.865
-16.8,-1.6,-39.1366
-16,-1.6,-43.3061
-15.2,-1.6,-43.4031
-14.4,-1.6,-39.587
-13.6,-1.6,-33.4024
-12.8,-1.6,-35.7423
-12,-1.6,-41.1903
-11.2,-1.6,-36.2439
-10.4,-1.6,-42.784
-9.6,-1.6,-40.9961
-8.8,-1.6,-45.5165
-8,-1.6,-42.0363
-7.2,-1.6,-44.5001
-6.4,-1.6,-41.2333
-5.6,-1.6,-45.4935
-4.8,-1.6,-43.0047
-4,-1.6,-43.3511
-3.2,-1.6,-43.8801
-2.4,-1.6,-44.6658
-1.6,-1.6,-43.3748
-0.8,-1.6,-40.7479
0,-1.6,-42.5358
0.8,-1.6,-46.8925
1.6,-1.6,-44.7489
2.4,-1.6,-46.5909
3.2,-1.6,-47.9465
4,-1.6,-47.6221
4.8,-1.6,-44.4087
5.6,-1.6,-45.3744
6.4,-1.6,-44.5934
7.2,-1.6,-46.8526
8,-1.6,-49.661
8.8,-1.6,-52.498
9.6,-1.6,-47.2689
10.4,-1.6,-50.4611
11.2,-1.6,-51.9072
12,-1.6,-54.0792
12.8,-1.6,-49.9387
13.6,-1.6,-52.4013
14.4,-1.6,-53.8598
15.2,-1.6,-49.5791
16,-1.6,-55.8715
16.8,-1.6,-50.6368
17.6,-1.6,-54.8706
18.4,-1.6,-52.9125
19.2,-1.6,-53.0588
20,-1.6,-51.6733
-20,-0.8,-41.4344
-19.2,-0.8,-37.787
-18.4,-0.8,-39.9282
-17.6,-0.8,-40.8482
-16.8,-0.8,-36.7293
-16,-0.8,-41.507
-15.2,-0.8,-41.5203
-14.4,-0.8,-41.5765
-13.6,-0.8,-33.8133
-12.8,-0.8,-38.1113
-12,-0.8,-40.6647
-11.2,-0.8,-34.4114
-10.4,-0.8,-47.1413
-9.6,-0.8,-45.5692
-8.8,-0.8,-42.0343
-8,-0.8,-48.0901
-7.2,-0.8,-44.8629
-6.4,-0.8,-41.2832
-5.6,-0.8,-44.6715
-4.8,-0.8,-37.2214
-4,-0.8,-44.8081
-3.2,-0.8,-43.5484
-2.4,-0.8,-41.6484
-1.6,-0.8,-44.6763
-0.8,-0.8,-47.0586
0,-0.8,-42.5186
0.8,-0.8,-45.7442
1.6,-0.8,-44.5394
2.4,-0.8,-43.1476
3.2,-0.8,-44.2078
4,-0.8,-42.1018
4.8,-0.8,-51.9438
5.6,-0.8,-46.2095
6.4,-0.8,-47.972
7.2,-0.8,-45.7676
8,-0.8,-52.8158
8.8,-0.8,-54.1443
9.6,-0.8,-52.7385
10.4,-0.8,-53.3047
11.2,-0.8,-60.2421
12,-0.8,-53.4721
12.8,-0.8,-52.7709
13.6,-0.8,-53.4188
14.4,-0.8,-56.69
15.2,-0.8,-61.3409
16,-0.8,-57.5235
16.8,-0.8,-58.6927
17.6,-0.8,-52.0958
18.4,-0.8,-58.3478
19.2,-0.8,-60.3204
20,-0.8,-59.2281
-20,0,-39.2916
-19.2,0,-46.1218
-18.4,0,-43.1885
-17.6,0,-40.9767
-16.8,0,-38.9342
-16,0,-41.9879
-15.2,0,-40.5209
-14.4,0,-37.2546
-13.6,0,-40.2954
-12.8,0,-40.3208
-12,0,-46.4997
-11.2,0,-42.1467
-10.4,0,-43.3412
-9.6,0,-46.434
-8.8,0,-43.7836
-8,0,-45.2885
-7.2,0,-43.7099
-6.4,0,-41.5352
-5.6,0,-40.7069
-4.8,0,-40.1309
-4,0,-40.9497
-3.2,0,-42.8952
-2.4,0,-40.9228
-1.6,0,-38.7492
-0.8,0,-42.3665
0,0,-48.4104
0.8,0,-43.6031
1.6,0,-46.4133
2.4,0,-45.5494
3.2,0,-43.5312
4,0,-50.4908
4.8,0,-46.7734
5.6,0,-47.2615
6.4,0,-46.535
7.2,0,-46.9926
8,0,-54.5004
8.8,0,-47.4802
9.6,0,-51.922
10.4,0,-49.5895
11.2,0,-55.0028
12,0,-53.7948
12.8,0,-53.6284
13.6,0,-61.6619
14.4,0,-52.9463
15.2,0,-55.3442
16,0,-57.8073
16.8,0,-59.3038
17.6,0,-54.6326
18.4,0,-56.8038
19.2,0,-56.6939
20,0,-56.3792
-20,0.8,-40.9075
-19.2,0.8,-40.3538
-18.4,0.8,-38.2858
-17.6,0.8,-42.8831
-16.8,0.8,-40.6342
-16,0.8,-38.9375
-15.2,0.8,-33.9995
-14.4,0.8,-37.7597
-13.6,0.8,-34.6198
-12.8,0.8,-38.5859
-12,0.8,-37.2833
-11.2,0.8,-41.4908
-10.4,0.8,-44.571
-9.6,0.8,-39.3876
-8.8,0.8,-52.3763
-8,0.8,-44.701
-7.2,0.8,-40.3918
-6.4,0.8,-41.8459
-5.6,0.8,-42.4231
-4.8,0.8,-39.7009
-4,0.8,-38.7089
-3.2,0.8,-37.7986
-2.4,0.8,-41.5723
-1.6,0.8,-37.3186
-0.8,0.8,-40.2096
0,0.8,-43.3145
0.8,0.8,-44.4833
1.6,0.8,-43.5182
2.4,0.8,-51.2363
3.2,0.8,-42.8351
4,0.8,-46.6713
4.8,0.8,-53.3464
5.6,0.8,-45.0678
6.4,0.8,-57.9729
7.2,0.8,-49.1398
8,0.8,-48.989
8.8,0.8,-47.8017
9.6,0.8,-53.7117
10.4,0.8,-48.2703
11.2,0.8,-51.1791
12,0.8,-49.1498
12.8,0.8,-57.3595
13.6,0.8,-48.7147
14.4,0.8,-51.8377
15.2,0.8,-54.3814
16,0.8,-54.4205
16.8,0.8,-52.2148
17.6,0.8,-52.0864
18.4,0.8,-56.2722
19.2,0.8,-56.4165
20,0.8,-53.4673
-20,1.6,-41.8568
-19.2,1.6,-41.1059
-18.4,1.6,-41.9688
-17.6,1.6,-40.2103
-16.8,1.6,-40.0931
-16,1.6,-43.5032
-15.2,1.6,-41.8961
-14.4,1.6,-40.9846
-13.6,1.6,-32.127
-12.8,1.6,-34.43
-12,1.6,-38.5923
-11.2,1.6,-42.5245
-10.4,1.6,-42.6924
-9.6,1.6,-41.3622
-8.8,1.6,-49.3373
-8,1.6,-39.1041
-7.2,1.6,-39.9945
-6.4,1.6,-40.8898
-5.6,1.6,-43.0638
-4.8,1.6,-42.5107
-4,1.6,-38.1564
-3.2,1.6,-42.8216
-2.4,1.6,-44.4828
-1.6,1.6,-36.2204
-0.8,1.6,-37.043
0,1.6,-40.9005
0.8,1.6,-41.9435
1.6,1.6,-47.1198
2.4,1.6,-41.895
3.2,1.6,-45.6911
4,1.6,-45.3356
4.8,1.6,-49.2105
5.6,1.6,-47.5619
6.4,1.6,-52.2347
7.2,1.6,-52.2458
8,1.6,-56.3236
8.8,1.6,-48.2766
9.6,1.6,-48.7932
10.4,1.6,-48.6817
11.2,1.6,-53.6333
12,1.6,-53.8148
12.8,1.6,-50.2671
13.6,1.6,-54.5608
14.4,1.6,-58.223
15.2,1.6,-52.432
16,1.6,-57.2017
16.8,1.6,-57.9987
17.6,1.6,-58.9651
18.4,1.6,-57.9194
19.2,1.6,-52.9639
20,1.6,-58.9385
-20,2.4,-39.6515
-19.2,2.4,-38.6479
-18.4,2.4,-38.7686
-17.6,2.4,-43.0408
-16.8,2.4,-37.9633
-16,2.4,-35.8352
-15.2,2.4,-39.0648
-14.4,2.4,-31.7442
-13.6,2.4,-33.6391
-12.8,2.4,-34.8755
-12,2.4,-34.7951
-11.2,2.4,-41.0218
-10.4,2.4,-36.3067
-9.6,2.4,-37.5302
-8.8,2.4,-43.2187
-8,2.4,-36.6946
-7.2,2.4,-47.0742
-6.4,2.4,-38.1088
-5.6,2.4,-36.143
-4.8,2.4,-34.3983
-4,2.4,-35.2855
-3.2,2.4,-40.0827
-2.4,2.4,-39.4409
-1.6,2.4,-41.4373
-0.8,2.4,-41.9715
0,2.4,-44.2507
0.8,2.4,-40.8815
1.6,2.4,-43.8528
2.4,2.4,-42.2163
3.2,2.4,-48.4878
4,2.4,-48.4278
4.8,2.4,-45.8477
5.6,2.4,-52.5341
6.4,2.4,-53.6155
7.2,2.4,-46.5467
8,2.4,-54.2049
8.8,2.4,-51.2635
9.6,2.4,-50.8626
10.4,2.4,-49.606
11.2,2.4,-54.5998
12,2.4,-57.4487
12.8,2.4,-48.8095
13.6,2.4,-60.8564
14.4,2.4,-61.7692
15.2,2.4,-54.0947
16,2.4,-54.869
16.8,2.4,-54.4622
17.6,2.4,-51.8417
18.4,2.4,-57.0297
19.2,2.4,-55.4998
20,2.4,-51.8887
-20,3.2,-40.3512
-19.2,3.2,-43.4857
-18.4,3.2,-37.353
-17.6,3.2,-39.6504
-16.8,3.2,-41.4193
-16,3.2,-33.4987
-15.2,3.2,-35.1201
-14.4,3.2,-31.8816
-13.6,3.2,-32.3427
-12.8,3.2,-32.9035
-12,3.2,-34.2811
-11.2,3.2,-33.596
-10.4,3.2,-42.4939
-9.6,3.2,-35.9715
-8.8,3.2,-37.841
-8,3.2,-35.6268
-7.2,3.2,-40.8701
-6.4,3.2,-27.8759
-5.6,3.2,-34.8599
-4.8,3.2,-40.5638
-4,3.2,-30.9867
-3.2,3.2,-38.3826
-2.4,3.2,-38.4764
-1.6,3.2,-40.6848
-0.8,3.2,-37.8502
0,3.2,-41.89
0.8,3.2,-31.3598
1.6,3.2,-44.6262
2.4,3.2,-45.9281
3.2,3.2,-39.811
4,3.2,-46.1044
4.8,3.2,-51.6804
5.6,3.2,-35.1203
6.4,3.2,-44.6966
7.2,3.2,-50.1669
8,3.2,-49.9943
8.8,3.2,-51.9489
9.6,3.2,-50.3243
10.4,3.2,-47.0691
11.2,3.2,-48.9461
12,3.2,-52.8502
12.8,3.2,-55.4454
13.6,3.2,-51.1805
14.4,3.2,-49.9626
15.2,3.2,-48.8272
16,3.2,-53.6467
16.8,3.2,-51.2586
17.6,3.2,-50.9747
18.4,3.2,-50.2314
19.2,3.2,-51.4682
20,3.2,-50.1719
-20,4,-39.4579
-19.2,4,-40.9893
-18.4,4,-35.3038
-17.6,4,-35.621
-16.8,4,-34.833
-16,4,-34.735
-15.2,4,-33.2352
-14.4,4,-37.0915
-13.6,4,-37.459
-12.8,4,-31.4493
-12,4,-31.9093
-11.2,4,-34.4039
-10.4,4,-37.9187
-9.6,4,-32.7407
-8.8,4,-33.2185
-8,4,-31.2599
-7.2,4,-31.3705
-6.4,4,-35.8364
-5.6,4,-33.9593
-4.8,4,-33.1848
-4,4,-34.0683
-3.2,4,-44.3654
-2.4,4,-42.5099
-1.6,4,-40.9184
-0.8,4,-44.4055
0,4,-47.0287
0.8,4,-45.6849
1.6,4,-50.6524
2.4,4,-46.0681
3.2,4,-42.9536
4,4,-47.3542
4.8,4,-43.3076
5.6,4,-47.7579
6.4,4,-50.7589
7.2,4,-40.6
8,4,-56.7395
8.8,4,-52.5127
9.6,4,-52.2772
10.4,4,-55.4902
11.2,4,-51.9466
12,4,-54.0637
12.8,4,-56.7426
13.6,4,-55.9421
14.4,4,-54.2579
15.2,4,-57.0111
16,4,-55.0669
16.8,4,-52.8666
17.6,4,-53.307
18.4,4,-51.4841
19.2,4,-49.7475
20,4,-50.9845
-20,4.8,-38.9673
-19.2,4.8,-38.7525
-18.4,4.8,-38.5038
-17.6,4.8,-35.4058
-16.8,4.8,-36.9816
-16,4.8,-36.2679
-15.2,4.8,-33.9427
-14.4,4.8,-33.0152
-13.6,4.8,-39.1896
-12.8,4.8,-35.2862
-12,4.8,-31.9097
-11.2,4.8,-29.4398
-10.4,4.8,-31.9165
-9.6,4.8,-28.2787
-8.8,4.8,-30.391
-8,4.8,-33.6965
-7.2,4.8,-34.2598
-6.4,4.8,-32.0608
-5.6,4.8,-35.6686
-4.8,4.8,-33.3671
-4,4.8,-38.5462
-3.2,4.8,-35.4635
-2.4,4.8,-36.801
-1.6,4.8,-47.992
-0.8,4.8,-41.1732
0,4.8,-42.6332
0.8,4.8,-46.5052
1.6,4.8,-44.8017
2.4,4.8,-47.4225
3.2,4.8,-44.0717
4,4.8,-46.3482
4.8,4.8,-43.8433
5.6,4.8,-44.112
6.4,4.8,-49.1841
7.2,4.8,-45.6483
8,4.8,-51.0549
8.8,4.8,-55.5766
9.6,4.8,-52.3486
10.4,4.8,-50.0921
11.2,4.8,-54.2052
12,4.8,-54.9944
12.8,4.8,-46.3302
13.6,4.8,-47.2834
14.4,4.8,-49.5984
15.2,4.8,-49.5017
16,4.8,-52.9502
16.8,4.8,-51.9205
17.6,4.8,-49.4811
18.4,4.8,-49.4979
19.2,4.8,-49.0862
20,4.8,-49.0655
-20,5.6,-35.8959
-19.2,5.6,-37.3739
-18.4,5.6,-40.5772
-17.6,5.6,-40.2302
-16.8,5.6,-29.9406
-16,5.6,-37.2462
-15.2,5.6,-34.6521
-14.4,5.6,-35.0562
-13.6,5.6,-37.8812
-12.8,5.6,-36.9923
-12,5.6,-28.4965
-11.2,5.6,-29.2589
-10.4,5.6,-37.2304
-9.6,5.6,-37.9784
-8.8,5.6,-35.0167
-8,5.6,-39.8044
-7.2,5.6,-35.6904
-6.4,5.6,-37.013
-5.6,5.6,-39.8225
-4.8,5.6,-40.7336
-4,5.6,-48.4311
-3.2,5.6,-44.1811
-2.4,5.6,-44.9555
-1.6,5.6,-46.0413
-0.8,5.6,-43.1405
0,5.6,-43.9158
0.8,5.6,-47.5439
1.6,5.6,-45.6414
2.4,5.6,-48.9597
3.2,5.6,-45.3776
4,5.6,-47.3535
4.8,5.6,-49.1061
5.6,5.6,-50.1132
6.4,5.6,-48.7823
7.2,5.6,-49.3336
8,5.6,-47.864
8.8,5.6,-59.6043
9.6,5.6,-57.1497
10.4,5.6,-54.6095
11.2,5.6,-57.2176
12,5.6,-51.3114
12.8,5.6,-52.5018
13.6,5.6,-53.6875
14.4,5.6,-54.2807
15.2,5.6,-53.3088
16,5.6,-52.0124
16.8,5.6,-50.6544
17.6,5.6,-47.1506
18.4,5.6,-47.3187
19.2,5.6,-48.4879
20,5.6,-53.9367
-20,6.4,-42.6394
-19.2,6.4,-39.704
-18.4,6.4,-37.3793
-17.6,6.4,-38.9409
-16.8,6.4,-32.4536
-16,6.4,-36.7984
-15.2,6.4,-33.0886
-14.4,6.4,-34.5689
-13.6,6.4,-31.2962
-12.8,6.4,-40.2069
-12,6.4,-36.0252
-11.2,6.4,-27.0676
-10.4,6.4,-43.4192
-9.6,6.4,-42.3576
-8.8,6.4,-38.055
-8,6.4,-34.9038
-7.2,6.4,-38.1635
-6.4,6.4,-44.3575
-5.6,6.4,-35.8576
-4.8,6.4,-40.0785
-4,6.4,-48.0637
-3.2,6.4,-45.3573
-2.4,6.4,-46.2871
-1.6,6.4,-40.1963
-0.8,6.4,-44.4756
0,6.4,-41.4685
0.8,6.4,-41.8989
1.6,6.4,-47.5859
2.4,6.4,-54.2539
3.2,6.4,-48.1215
4,6.4,-48.266
4.8,6.4,-45.5444
5.6,6.4,-54.8582
6.4,6.4,-49.1144
7.2,6.4,-57.2029
8,6.4,-54.3041
8.8,6.4,-49.2212
9.6,6.4,-49.1572
10.4,6.4,-53.1956
11.2,6.4,-48.1675
12,6.4,-54.8669
12.8,6.4,-51.0026
13.6,6.4,-56.3179
14.4,6.4,-57.1658
15.2,6.4,-50.7148
16,6.4,-54.8975
16.8,6.4,-55.7845
17.6,6.4,-52.7798
18.4,6.4,-48.6004
19.2,6.4,-49.4428
20,6.4,-50.6409
-20,7.2,-38.0083
-19.2,7.2,-39.6855
-18.4,7.2,-36.5378
-17.6,7.2,-40.3274
-16.8,7.2,-39.5831
-16,7.2,-39.0052
-15.2,7.2,-40.4831
-14.4,7.2,-38.2965
-13.6,7.2,-34.9384
-12.8,7.2,-32.1984
-12,7.2,-33.7284
-11.2,7.2,-31.1334
-10.4,7.2,-40.3078
-9.6,7.2,-42.8692
-8.8,7.2,-39.7357
-8,7.2,-47.9311
-7.2,7.2,-39.8524
-6.4,7.2,-38.5555
-5.6,7.2,-38.6008
-4.8,7.2,-41.3111
-4,7.2,-44.1465
-3.2,7.2,-46.1327
-2.4,7.2,-39.4911
-1.6,7.2,-43.3972
-0.8,7.2,-41.2164
0,7.2,-47.3338
0.8,7.2,-44.4205
1.6,7.2,-43.1978
2.4,7.2,-48.1582
3.2,7.2,-48.3022
4,7.2,-52.3841
4.8,7.2,-45.2401
5.6,7.2,-51.879
6.4,7.2,-46.8668
7.2,7.2,-48.8903
8,7.2,-54.8768
8.8,7.2,-46.4058
9.6,7.2,-47.9946
10.4,7.2,-60.4322
11.2,7.2,-48.6023
12,7.2,-49.6571
12.8,7.2,-56.1598
13.6,7.2,-52.7252
14.4,7.2,-50.7563
15.2,7.2,-51.1151
16,7.2,-53.7969
16.8,7.2,-50.2543
17.6,7.2,-51.6553
18.4,7.2,-54.8777
19.2,7.2,-53.7398
20,7.2,-53.283
-20,8,-35.4738
-19.2,8,-34.2257
-18.4,8,-37.7426
-17.6,8,-35.6692
-16.8,8,-30.5123
-16,8,-39.525
-15.2,8,-32.823
-14.4,8,-35.1363
-13.6,8,-31.736
-12.8,8,-36.9955
-12,8,-32.141
-11.2,8,-34.7109
-10.4,8,-39.8745
-9.6,8,-37.3219
-8.8,8,-37.4028
-8,8,-45.3723
-7.2,8,-41.375
-6.4,8,-42.7162
-5.6,8,-42.9382
-4.8,8,-39.8224
-4,8,-37.9793
-3.2,8,-37.9996
-2.4,8,-41.6362
-1.6,8,-43.2885
-0.8,8,-43.17
0,8,-41.9312
0.8,8,-41.7544
1.6,8,-52.1812
2.4,8,-43.7306
3.2,8,-49.3316
4,8,-46.4147
4.8,8,-47.0891
5.6,8,-46.3914
6.4,8,-53.6733
7.2,8,-59.3237
8,8,-46.9152
8.8,8,-49.9841
9.6,8,-52.7838
10.4,8,-51.8098
11.2,8,-49.9468
12,8,-47.8088
12.8,8,-48.2854
13.6,8,-55.0122
14.4,8,-55.265
15.2,8,-46.8761
16,8,-56.9753
16.8,8,-50.8096
17.6,8,-48.9597
18.4,8,-53.8036
19.2,8,-54.8281
20,8,-56.1204
-20,8.8,-33.6339
-19.2,8.8,-33.7816
-18.4,8.8,-32.4199
-17.6,8.8,-32.6777
-16.8,8.8,-34.5075
-16,8.8,-34.7927
-15.2,8.8,-36.9493
-14.4,8.8,-32.4166
-13.6,8.8,-36.342
-12.8,8.8,-36.9214
-12,8.8,-39.2035
-11.2,8.8,-39.4038
-10.4,8.8,-42.4397
-9.6,8.8,-38.5017
-8.8,8.8,-41.2465
-8,8.8,-40.1418
-7.2,8.8,-40.8243
-6.4,8.8,-38.3606
-5.6,8.8,-43.9779
-4.8,8.8,-37.3784
-4,8.8,-44.0277
-3.2,8.8,-44.1182
-2.4,8.8,-39.411
-1.6,8.8,-39.2376
-0.8,8.8,-40.2405
0,8.8,-46.7876
0.8,8.8,-46.2519
1.6,8.8,-46.4521
2.4,8.8,-48.611
3.2,8.8,-55.4404
4,8.8,-51.8246
4.8,8.8,-49.7566
5.6,8.8,-51.6091
6.4,8.8,-47.4683
7.2,8.8,-48.3392
8,8.8,-47.7946
8.8,8.8,-47.6599
9.6,8.8,-55.082
10.4,8.8,-49.9309
11.2,8.8,-53.1004
12,8.8,-56.5397
12.8,8.8,-52.3574
13.6,8.8,-51.8344
14.4,8.8,-56.0625
15.2,8.8,-52.4903
16,8.8,-51.0253
16.8,8.8,-53.5388
17.6,8.8,-57.0602
18.4,8.8,-52.3849
19.2,8.8,-53.527
20,8.8,-50.0579
-20,9.6,-33.8287
-19.2,9.6,-33.5194
-18.4,9.6,-31.312
-17.6,9.6,-28.5681
-16.8,9.6,-40.8569
-16,9.6,-31.5121
-15.2,9.6,-31.2231
-14.4,9.6,-36.5261
-13.6,9.6,-35.4857
-12.8,9.6,-37.3521
-12,9.6,-36.7207
-11.2,9.6,-40.5044
-10.4,9.6,-42.908
-9.6,9.6,-38.172
-8.8,9.6,-37.7079
-8,9.6,-39.7631
-7.2,9.6,-39.1511
-6.4,9.6,-42.6643
-5.6,9.6,-43.7493
-4.8,9.6,-45.8775
-4,9.6,-44.2685
-3.2,9.6,-42.6041
-2.4,9.6,-43.5957
-1.6,9.6,-39.0625
-0.8,9.6,-39.5192
0,9.6,-43.9894
0.8,9.6,-41.2447
1.6,9.6,-48.2787
2.4,9.6,-46.5153
3.2,9.6,-46.0689
4,9.6,-46.9566
4.8,9.6,-45.9229
5.6,9.6,-46.7245
6.4,9.6,-56.4071
7.2,9.6,-57.9
8,9.6,-51.2038
8.8,9.6,-53.7884
9.6,9.6,-49.7081
10.4,9.6,-57.1473
11.2,9.6,-54.2162
12,9.6,-55.6566
12.8,9.6,-58.3815
13.6,9.6,-58.3137
14.4,9.6,-54.9042
15.2,9.6,-54.1588
16,9.6,-53.3559
16.8,9.6,-51.7871
17.6,9.6,-50.3811
18.4,9.6,-61.541
19.2,9.6,-52.6289
20,9.6,-50.9187
-20,10.4,-27.8578
-19.2,10.4,-31.4538
-18.4,10.4,-29.2674
-17.6,10.4,-28.7938
-16.8,10.4,-36.11
-16,10.4,-31.4932
-15.2,10.4,-29.173
-14.4,10.4,-33.8666
-13.6,10.4,-36.9428
-12.8,10.4,-38.3879
-12,10.4,-37.1674
-11.2,10.4,-39.9766
-10.4,10.4,-38.2248
-9.6,10.4,-41.9196
-8.8,10.4,-38.053
-8,10.4,-45.3391
-7.2,10.4,-38.8669
-6.4,10.4,-40.9126
-5.6,10.4,-39.3583
-4.8,10.4,-43.1792
-4,10.4,-39.0613
-3.2,10.4,-42.3113
-2.4,10.4,-41.4773
-1.6,10.4,-40.8934
-0.8,10.4,-47.5469
0,10.4,-42.3115
0.8,10.4,-43.8832
1.6,10.4,-44.6636
2.4,10.4,-43.5039
3.2,10.4,-48.2314
4,10.4,-52.9388
4.8,10.4,-55.8461
5.6,10.4,-50.6615
6.4,10.4,-53.2141
7.2,10.4,-46.3538
8,10.4,-48.7092
8.8,10.4,-49.3391
9.6,10.4,-48.7512
10.4,10.4,-56.2155
11.2,10.4,-53.1947
12,10.4,-60.5119
12.8,10.4,-51.5157
13.6,10.4,-57.9549
14.4,10.4,-49.7679
15.2,10.4,-52.8256
16,10.4,-54.1539
16.8,10.4,-49.733
17.6,10.4,-55.5669
18.4,10.4,-53.3881
19.2,10.4,-53.2612
20,10.4,-59.0327
-20,11.2,-25.7637
-19.2,11.2,-27.3199
-18.4,11.2,-29.4031
-17.6,11.2,-26.043
-16.8,11.2,-28.1071
-16,11.2,-34.2124
-15.2,11.2,-28.044
-14.4,11.2,-30.4429
-13.6,11.2,-34.998
-12.8,11.2,-35.5918
-12,11.2,-34.264
-11.2,11.2,-32.3504
-10.4,11.2,-41.7191
-9.6,11.2,-36.9572
-8.8,11.2,-37.5172
-8,11.2,-43.0783
-7.2,11.2,-38.5395
-6.4,11.2,-37.1171
-5.6,11.2,-46.1985
-4.8,11.2,-49.5108
-4,11.2,-44.2706
-3.2,11.2,-40.1751
-2.4,11.2,-43.74
-1.6,11.2,-43.1177
-0.8,11.2,-42.0888
0,11.2,-40.8786
0.8,11.2,-42.1852
1.6,11.2,-45.1448
2.4,11.2,-45.365
3.2,11.2,-44.411
4,11.2,-43.4031
4.8,11.2,-52.0802
5.6,11.2,-54.1493
6.4,11.2,-48.443
7.2,11.2,-46.2656
8,11.2,-46.3174
8.8,11.2,-53.661
9.6,11.2,-51.2827
10.4,11.2,-53.0254
11.2,11.2,-51.0715
12,11.2,-54.2119
12.8,11.2,-61.4952
13.6,11.2,-58.9979
14.4,11.2,-55.857
15.2,11.2,-49.1056
16,11.2,-51.185
16.8,11.2,-54.1854
17.6,11.2,-57.1588
18.4,11.2,-51.8643
19.2,11.2,-50.7192
20,11.2,-50.2175
-20,12,-22.5719
-19.2,12,-24.6169
-18.4,12,-27.3529
-17.6,12,-25.5258
-16.8,12,-20.932
-16,12,-26.3129
-15.2,12,-26.5642
-14.4,12,-27.501
-13.6,12,-31.962
-12.8,12,-31.0747
-12,12,-33.9467
-11.2,12,-32.6517
-10.4,12,-42.709
-9.6,12,-36.9429
-8.8,12,-36.9516
-8,12,-41.4332
-7.2,12,-37.3106
-6.4,12,-45.2248
-5.6,12,-35.9423
-4.8,12,-42.5898
-4,12,-41.6383
-3.2,12,-47.5905
-2.4,12,-48.7262
-1.6,12,-41.8212
-0.8,12,-46.6113
0,12,-44.6721
0.8,12,-42.1682
1.6,12,-46.3368
2.4,12,-49.2749
3.2,12,-45.6689
4,12,-45.6503
4.8,12,-48.0303
5.6,12,-50.6997
6.4,12,-52.7471
7.2,12,-49.0759
8,12,-46.9155
8.8,12,-53.9275
9.6,12,-58.9906
10.4,12,-52.1438
11.2,12,-49.9828
12,12,-55.2934
12.8,12,-55.1752
13.6,12,-61.2024
14.4,12,-52.3922
15.2,12,-58.3594
16,12,-52.9087
16.8,12,-56.8387
17.6,12,-55.6135
18.4,12,-54.6592
19.2,12,-56.5225
20,12,-56.4274
-20,12.8,-26.6169
-19.2,12.8,-23.4141
-18.4,12.8,-28.0736
-17.6,12.8,-25.7621
-16.8,12.8,-22.5835
-16,12.8,-26.3233
-15.2,12.8,-27.9404
-14.4,12.8,-26.3209
-13.6,12.8,-24.4266
-12.8,12.8,-30.5144
-12,12.8,-32.1502
-11.2,12.8,-30.2125
-10.4,12.8,-40.5656
-9.6,12.8,-40.339
-8.8,12.8,-34.9565
-8,12.8,-40.095
-7.2,12.8,-40.3887
-6.4,12.8,-46.6921
-5.6,12.8,-39.0676
-4.8,12.8,-40.5687
-4,12.8,-50.4656
-3.2,12.8,-47.0935
-2.4,12.8,-47.4714
-1.6,12.8,-45.1983
-0.8,12.8,-47.4713
0,12.8,-41.977
0.8,12.8,-46.4211
1.6,12.8,-44.835
2.4,12.8,-50.3256
3.2,12.8,-50.9004
4,12.8,-46.5278
4.8,12.8,-51.222
5.6,12.8,-52.113
6.4,12.8,-44.361
7.2,12.8,-50.1721
8,12.8,-58.7809
8.8,12.8,-54.3052
9.6,12.8,-51.5723
10.4,12.8,-56.5102
11.2,12.8,-49.1371
12,12.8,-47.4901
12.8,12.8,-50.0454
13.6,12.8,-52.9519
14.4,12.8,-48.0908
15.2,12.8,-53.9592
16,12.8,-60.6289
16.8,12.8,-56.9539
17.6,12.8,-59.1236
18.4,12.8,-49.8789
19.2,12.8,-60.8629
20,12.8,-60.2408
-20,13.6,-26.3282
-19.2,13.6,-21.8916
-18.4,13.6,-27.6363
-17.6,13.6,-26.0135
-16.8,13.6,-24.1924
-16,13.6,-22.9918
-15.2,13.6,-28.9753
-14.4,13.6,-26.3416
-13.6,13.6,-24.52
-12.8,13.6,-30.8576
-12,13.6,-26.7419
-11.2,13.6,-31.9495
-10.4,13.6,-37.6482
-9.6,13.6,-41.8289
-8.8,13.6,-44.3116
-8,13.6,-41.5961
-7.2,13.6,-44.6656
-6.4,13.6,-36.3302
-5.6,13.6,-40.1367
-4.8,13.6,-38.996
-4,13.6,-47.7415
-3.2,13.6,-42.7099
-2.4,13.6,-50.9599
-1.6,13.6,-39.509
-0.8,13.6,-41.3049
0,13.6,-45.9764
0.8,13.6,-50.4865
1.6,13.6,-52.8856
2.4,13.6,-48.2463
3.2,13.6,-53.5372
4,13.6,-45.766
4.8,13.6,-48.5018
5.6,13.6,-44.908
6.4,13.6,-48.2064
7.2,13.6,-52.4047
8,13.6,-48.1926
8.8,13.6,-52.4769
9.6,13.6,-48.095
10.4,13.6,-55.0727
11.2,13.6,-59.1362
12,13.6,-50.7785
12.8,13.6,-57.105
13.6,13.6,-52.1028
14.4,13.6,-51.6457
15.2,13.6,-58.5723
16,13.6,-53.4094
16.8,13.6,-57.1557
17.6,13.6,-56.916
18.4,13.6,-55.0028
19.2,13.6,-57.3749
20,13.6,-53.9185
-20,14.4,-25.3412
-19.2,14.4,-23.1936
-18.4,14.4,-23.8267
-17.6,14.4,-27.3211
-16.8,14.4,-24.2155
-16,14.4,-22.9741
-15.2,14.4,-25.4625
-14.4,14.4,-26.4095
-13.6,14.4,-24.7557
-12.8,14.4,-25.7949
-12,14.4,-30.9578
-11.2,14.4,-29.8838
-10.4,14.4,-36.5656
-9.6,14.4,-44.7711
-8.8,14.4,-44.4712
-8,14.4,-43.7281
-7.2,14.4,-37.1637
-6.4,14.4,-38.2723
-5.6,14.4,-43.1754
-4.8,14.4,-41.5176
-4,14.4,-42.0151
-3.2,14.4,-42.5388
-2.4,14.4,-41.2863
-1.6,14.4,-40.4075
-0.8,14.4,-40.737
0,14.4,-45.158
0.8,14.4,-48.7426
1.6,14.4,-52.178
2.4,14.4,-49.8723
3.2,14.4,-55.5596
4,14.4,-48.4824
4.8,14.4,-46.0919
5.6,14.4,-45.6884
6.4,14.4,-44.8464
7.2,14.4,-42.3823
8,14.4,-54.2446
8.8,14.4,-49.9628
9.6,14.4,-52.8325
10.4,14.4,-53.1563
11.2,14.4,-48.5394
12,14.4,-53.8159
12.8,14.4,-53.343
13.6,14.4,-52.4182
14.4,14.4,-54.3317
15.2,14.4,-51.8075
16,14.4,-57.5247
16.8,14.4,-61.0449
17.6,14.4,-51.063
18.4,14.4,-61.0934
19.2,14.4,-57.2367
20,14.4,-54.16
-20,15.2,-20.8294
-19.2,15.2,-24.5608
-18.4,15.2,-21.635
-17.6,15.2,-25.937
-16.8,15.2,-24.8067
-16,15.2,-21.9807
-15.2,15.2,-23.528
-14.4,15.2,-29.4208
-13.6,15.2,-26.9537
-12.8,15.2,-23.9047
-12,15.2,-27.7794
-11.2,15.2,-27.7839
-10.4,15.2,-43.1928
-9.6,15.2,-34.8445
-8.8,15.2,-39.8503
-8,15.2,-38.7984
-7.2,15.2,-38.6339
-6.4,15.2,-38.6723
-5.6,15.2,-39.309
-4.8,15.2,-43.3057
-4,15.2,-39.2636
-3.2,15.2,-40.1704
-2.4,15.2,-42.9654
-1.6,15.2,-47.2725
-0.8,15.2,-40.2823
0,15.2,-42.3045
0.8,15.2,-45.174
1.6,15.2,-50.3289
2.4,15.2,-44.495
3.2,15.2,-53.6744
4,15.2,-49.5862
4.8,15.2,-49.5101
5.6,15.2,-49.1962
6.4,15.2,-47.029
7.2,15.2,-42.0574
8,15.2,-47.3231
8.8,15.2,-46.0853
9.6,15.2,-52.9239
10.4,15.2,-44.1815
11.2,15.2,-56.8761
12,15.2,-53.745
12.8,15.2,-57.4045
13.6,15.2,-55.5497
14.4,15.2,-55.4418
15.2,15.2,-54.3409
16,15.2,-67.1651
16.8,15.2,-56.9669
17.6,15.2,-52.7288
18.4,15.2,-53.3454
19.2,15.2,-55.0824
20,15.2,-51.9821
-20,16,-25.1338
-19.2,16,-23.3405
-18.4,16,-24.6612
-17.6,16,-23.3996
-16.8,16,-23.148
-16,16,-24.3137
-15.2,16,-21.7743
-14.4,16,-26.9163
-13.6,16,-25.8659
-12.8,16,-24.2057
-12,16,-24.3457
-11.2,16,-26.4168
-10.4,16,-39.1911
-9.6,16,-34.7058
-8.8,16,-38.7583
-8,16,-43.7057
-7.2,16,-42.2925
-6.4,16,-36.8807
-5.6,16,-42.3333
-4.8,16,-36.2152
-4,16,-40.3151
-3.2,16,-44.4959
-2.4,16,-38.3159
-1.6,16,-38.634
-0.8,16,-41.4005
0,16,-50.9499
0.8,16,-45.556
1.6,16,-43.1774
2.4,16,-53.1472
3.2,16,-51.3049
4,16,-52.8892
4.8,16,-48.1795
5.6,16,-43.4027
6.4,16,-49.1618
7.2,16,-46.4468
8,16,-47.695
8.8,16,-46.4699
9.6,16,-52.8755
10.4,16,-53.4927
11.2,16,-48.6081
12,16,-54.1631
12.8,16,-51.5196
13.6,16,-56.3965
14.4,16,-53.3916
15.2,16,-59.5423
16,16,-52.0336
16.8,16,-56.3618
17.6,16,-58.5759
18.4,16,-53.3843
19.2,16,-57.3736
20,16,-57.5121
-20,16.8,-22.6127
-19.2,16.8,-23.6102
-18.4,16.8,-23.0189
-17.6,16.8,-22.2889
-16.8,16.8,-24.3407
-16,16.8,-23.5824
-15.2,16.8,-21.8771
-14.4,16.8,-24.3216
-13.6,16.8,-26.5618
-12.8,16.8,-23.5358
-12,16.8,-23.5479
-11.2,16.8,-26.642
-10.4,16.8,-32.1652
-9.6,16.8,-35.9795
-8.8,16.8,-37.2473
-8,16.8,-44.2009
-7.2,16.8,-41.4059
-6.4,16.8,-44.2894
-5.6,16.8,-44.5794
-4.8,16.8,-38.7718
-4,16.8,-39.228
-3.2,16.8,-47.5695
-2.4,16.8,-46.9803
-1.6,16.8,-38.1238
-0.8,16.8,-42.6452
0,16.8,-37.7858
0.8,16.8,-44.5449
1.6,16.8,-46.0158
2.4,16.8,-45.4262
3.2,16.8,-53.3517
4,16.8,-47.2283
4.8,16.8,-47.9426
5.6,16.8,-51.093
6.4,16.8,-42.6072
7.2,16.8,-47.5591
8,16.8,-51.2248
8.8,16.8,-51.0475
9.6,16.8,-50.3973
10.4,16.8,-53.2237
11.2,16.8,-46.7291
12,16.8,-50.1194
12.8,16.8,-56.0594
13.6,16.8,-50.9889
14.4,16.8,-59.282
15.2,16.8,-58.0833
16,16.8,-51.797
16.8,16.8,-53.2209
17.6,16.8,-54.3668
18.4,16.8,-52.0783
19.2,16.8,-52.0991
20,16.8,-54.3484
-20,17.6,-21.7491
-19.2,17.6,-24.6129
-18.4,17.6,-25.524
-17.6,17.6,-22.5169
-16.8,17.6,-23.9322
-16,17.6,-23.3705
-15.2,17.6,-23.9295
-14.4,17.6,-25.1981
-13.6,17.6,-26.0546
-12.8,17.6,-26.2208
-12,17.6,-25.4117
-11.2,17.6,-23.704
-10.4,17.6,-31.4235
-9.6,17.6,-36.9711
-8.8,17.6,-38.8267
-8,17.6,-36.5089
-7.2,17.6,-41.0509
-6.4,17.6,-48.7948
-5.6,17.6,-43.7901
-4.8,17.6,-42.0512
-4,17.6,-38.895
-3.2,17.6,-37.831
-2.4,17.6,-42.1959
-1.6,17.6,-52.5925
-0.8,17.6,-42.47
0,17.6,-43.9537
0.8,17.6,-46.0926
1.6,17.6,-52.0748
2.4,17.6,-48.168
3.2,17.6,-48.782
4,17.6,-52.8701
4.8,17.6,-46.6379
5.6,17.6,-49.603
6.4,17.6,-55.3202
7.2,17.6,-50.685
8,17.6,-50.3215
8.8,17.6,-49.9548
9.6,17.6,-52.0241
10.4,17.6,-55.0728
11.2,17.6,-54.8172
12,17.6,-48.1932
12.8,17.6,-56.2059
13.6,17.6,-53.0555
14.4,17.6,-48.3238
15.2,17.6,-58.1679
16,17.6,-54.836
16.8,17.6,-60.0071
17.6,17.6,-58.082
18.4,17.6,-52.2759
19.2,17.6,-53.5274
20,17.6,-55.3808
-20,18.4,-22.0942
-19.2,18.4,-23.1958
-18.4,18.4,-23.8177
-17.6,18.4,-21.6142
-16.8,18.4,-21.8292
-16,18.4,-27.9854
-15.2,18.4,-22.9191
-14.4,18.4,-23.1979
-13.6,18.4,-23.2667
-12.8,18.4,-27.7751
-12,18.4,-28.0983
-11.2,18.4,-24.2868
-10.4,18.4,-26.2452
-9.6,18.4,-31.0506
-8.8,18.4,-31.4448
-8,18.4,-39.8135
-7.2,18.4,-43.6306
-6.4,18.4,-47.0335
-5.6,18.4,-45.4129
-4.8,18.4,-40.5476
-4,18.4,-39.9287
-3.2,18.4,-37.0936
-2.4,18.4,-41.7265
-1.6,18.4,-46.3567
-0.8,18.4,-40.4846
0,18.4,-44.4567
0.8,18.4,-53.0618
1.6,18.4,-53.7821
2.4,18.4,-51.0351
3.2,18.4,-47.0288
4,18.4,-49.2414
4.8,18.4,-51.3251
5.6,18.4,-45.7425
6.4,18.4,-44.9222
7.2,18.4,-56.2304
8,18.4,-45.2114
8.8,18.4,-46.8082
9.6,18.4,-48.3395
10.4,18.4,-53.5478
11.2,18.4,-50.9695
12,18.4,-52.2175
12.8,18.4,-47.6672
13.6,18.4,-57.8866
14.4,18.4,-50.3555
15.2,18.4,-55.6191
16,18.4,-48.1936
16.8,18.4,-54.6186
17.6,18.4,-53.3136
18.4,18.4,-57.1551
19.2,18.4,-50.2582
20,18.4,-54.218
-20,19.2,-22.7894
-19.2,19.2,-25.3497
-18.4,19.2,-25.5526
-17.6,19.2,-22.2597
-16.8,19.2,-21.8228
-16,19.2,-30.4782
-15.2,19.2,-23.5182
-14.4,19.2,-23.6536
-13.6,19.2,-23.5518
-12.8,19.2,-26.3162
-12,19.2,-27.8859
-11.2,19.2,-24.9108
-10.4,19.2,-26.1091
-9.6,19.2,-29.2304
-8.8,19.2,-31.0584
-8,19.2,-34.384
-7.2,19.2,-36.5077
-6.4,19.2,-39.7927
-5.6,19.2,-38.7228
-4.8,19.2,-42.5628
-4,19.2,-43.0444
-3.2,19.2,-49.3973
-2.4,19.2,-49.101
-1.6,19.2,-56.5058
-0.8,19.2,-49.1792
0,19.2,-41.5486
0.8,19.2,-49.3639
1.6,19.2,-47.5695
2.4,19.2,-47.0451
3.2,19.2,-53.5314
4,19.2,-52.139
4.8,19.2,-45.1228
5.6,19.2,-47.0141
6.4,19.2,-41.1821
7.2,19.2,-49.5536
8,19.2,-46.2477
8.8,19.2,-45.1984
9.6,19.2,-53.0825
10.4,19.2,-45.4517
11.2,19.2,-49.5993
12,19.2,-52.7563
12.8,19.2,-61.3169
13.6,19.2,-49.4176
14.4,19.2,-48.331
15.2,19.2,-51.4189
16,19.2,-52.7128
16.8,19.2,-48.7875
17.6,19.2,-52.8268
18.4,19.2,-54.8503
19.2,19.2,-54.6951
20,19.2,-55.127
-20,20,-21.815
-19.2,20,-23.2717
-18.4,20,-25.6365
-17.6,20,-22.0335
-16.8,20,-23.9826
-16,20,-26.0244
-15.2,20,-28.1567
-14.4,20,-22.2758
-13.6,20,-24.1372
-12.8,20,-25.894
-12,20,-30.7369
-11.2,20,-28.0744
-10.4,20,-25.5552
-9.6,20,-25.8569
-8.8,20,-32.4069
-8,20,-36.079
-7.2,20,-28.5299
-6.4,20,-41.8368
-5.6,20,-36.5086
-4.8,20,-45.4402
-4,20,-43.5672
-3.2,20,-43.5384
-2.4,20,-44.9465
-1.6,20,-45.8558
-0.8,20,-48.5338
0,20,-45.2468
0.8,20,-47.4292
1.6,20,-48.6922
2.4,20,-44.2335
3.2,20,-46.2148
4,20,-50.9945
4.8,20,-54.189
5.6,20,-52.7683
6.4,20,-46.3855
7.2,20,-43.9122
8,20,-47.4734
8.8,20,-45.8628
9.6,20,-50.4507
10.4,20,-52.8073
11.2,20,-49.09
12,20,-63.5729
12.8,20,-49.5384
13.6,20,-48.625
14.4,20,-51.8524
15.2,20,-55.1216
16,20,-47.7489
16.8,20,-50.8186
17.6,20,-52.2229
18.4,20,-56.9901
19.2,20,-54.6014
20,20,-58.9135
